﻿web-scraper-order,web-scraper-start-url,Seat,Party,Candidate,Share,Count 1,Count 2,Count 3,Count 4,Count 5,Count 6,Count 7,Count 8,Count 9,Count 10,Count 11,Count 12,Count 13,Count 14,Count 15
1644067132-93,http://www.irelandelection.com/electiondetail.php?elecid=231&constitid=1&electype=1,3,,Kathleen Funchion (SF),12.40%,8700,"8838
(138)","8891
(53)","9094
(203)","9856
(762)","10228
(372)","10934
(706)","10970
(36)","11516
(546)","11720
(204)",,null,null,null,null
1644067132-96,http://www.irelandelection.com/electiondetail.php?elecid=231&constitid=1&electype=1,,,Jennifer Murnane O'Connor (FF),12.00%,8373,"8436
(63)","8502
(66)","8540
(38)","8745
(205)","8919
(174)","9023
(104)","9049
(26)","9371
(322)","9459
(88)","9518
(59)",null,null,null,null
1644067132-104,http://www.irelandelection.com/electiondetail.php?elecid=231&constitid=1&electype=1,,,Keith Gilligan (IND),0.70%,456,,,,,,,,,,,null,null,null,null
1644067132-100,http://www.irelandelection.com/electiondetail.php?elecid=231&constitid=1&electype=1,,,Patrick McKee (REN),3.50%,2483,"2511
(28)","2656
(145)","2752
(96)","3005
(253)",,,,,,,null,null,null,null
1644067132-94,http://www.irelandelection.com/electiondetail.php?elecid=231&constitid=1&electype=1,4,,Bobby Aylward (FF),13.40%,9366,"9375
(9)","9469
(94)","9491
(22)","9549
(58)","9803
(254)","9956
(153)","10030
(74)","10634
(604)","11077
(443)","11335
(258)",null,null,null,null
1644067132-92,http://www.irelandelection.com/electiondetail.php?elecid=231&constitid=1&electype=1,2,,John Paul Phelan (FG),10.80%,7568,"7577
(9)","7689
(112)","7713
(24)","7768
(55)","8080
(312)","8420
(340)","8450
(30)","10222
(1772)","14200
(3978)",,null,null,null,null
1644067132-102,http://www.irelandelection.com/electiondetail.php?elecid=231&constitid=1&electype=1,,,Conor MacLiam (SOL-PBP),1.60%,1120,"1179
(59)","1231
(52)",,,,,,,,,null,null,null,null
1644067132-97,http://www.irelandelection.com/electiondetail.php?elecid=231&constitid=1&electype=1,,,David Fitzgerald (FG),7.20%,5017,"5021
(4)","5094
(73)","5106
(12)","5122
(16)","5355
(233)","5686
(331)","5721
(35)","6588
(867)",,,null,null,null,null
1644067132-91,http://www.irelandelection.com/electiondetail.php?elecid=231&constitid=1&electype=1,1,,John McGuinness (FF),15.00%,10528,"10545
(17)","10823
(278)","10886
(63)","10965
(79)","11490
(525)","11903
(413)",,,,,null,null,null,null
1644067132-95,http://www.irelandelection.com/electiondetail.php?elecid=231&constitid=1&electype=1,5,,Pat Deering (FG),9.40%,6562,"6580
(18)","6606
(26)","6623
(17)","6693
(70)","6829
(136)","6937
(108)","6940
(3)","7675
(735)","8935
(1260)","11149
(2214)",null,null,null,null
1644067132-98,http://www.irelandelection.com/electiondetail.php?elecid=231&constitid=1&electype=1,,,Ann Phelan (LAB),6.30%,4391,"4396
(5)","4442
(46)","4465
(23)","4548
(83)","4740
(192)","5566
(826)","5596
(30)",,,,null,null,null,null
1644067132-105,http://www.irelandelection.com/electiondetail.php?elecid=231&constitid=1&electype=1,,,Noel G Walsh (IND),0.20%,164,,,,,,,,,,,null,null,null,null
1644067132-101,http://www.irelandelection.com/electiondetail.php?elecid=231&constitid=1&electype=1,,,Adrienne Wallace (SOL-PBP),2.30%,1582,"1728
(146)","1769
(41)","2342
(573)",,,,,,,,null,null,null,null
1644067132-103,http://www.irelandelection.com/electiondetail.php?elecid=231&constitid=1&electype=1,,,Paddy Manning (IND),1.50%,1078,"1142
(64)",,,,,,,,,,null,null,null,null
1644067132-99,http://www.irelandelection.com/electiondetail.php?elecid=231&constitid=1&electype=1,,,Malcolm Noonan (GP),3.70%,2621,"2655
(34)","2717
(62)","2816
(99)","3208
(392)","3660
(452)",,,,,,null,null,null,null
