﻿web-scraper-order,web-scraper-start-url,Seat,Party,Candidate,Share,Count 1,Count 2,Count 3,Count 4,Count 5,Count 6,Count 7,Count 8,Count 9,Count 10,Count 11,Count 12,Count 13,Count 14,Count 15
"1644067232-110","http://www.irelandelection.com/electiondetail.php?elecid=231&constitid=2&electype=1","","","Joe O'Reilly (FG)","11.0%","6566","6846
(280)","6848
(2)","6887
(39)","6977
(90)","7255
(278)","7715
(460)","8063
(348)","8321
(258)","8790
(469)","null","null","null","null","null"
"1644067232-115","http://www.irelandelection.com/electiondetail.php?elecid=231&constitid=2&electype=1","","","Micheal Callaghan (GP)","2.1%","1251","1262
(11)","1269
(7)","1410
(141)","1523
(113)","","","","","","null","null","null","null","null"
"1644067232-113","http://www.irelandelection.com/electiondetail.php?elecid=231&constitid=2&electype=1","","","Mary Smyth (IND)","2.7%","1589","1600
(11)","1609
(9)","1709
(100)","1911
(202)","2062
(151)","2340
(278)","","","","null","null","null","null","null"
"1644067232-108","http://www.irelandelection.com/electiondetail.php?elecid=231&constitid=2&electype=1","3","","Brendan Smith (FF)","14.7%","8775","8802
(27)","8807
(5)","8850
(43)","8952
(102)","9046
(94)","9142
(96)","10926
(1784)","11357
(431)","12120
(763)","null","null","null","null","null"
"1644067232-106","http://www.irelandelection.com/electiondetail.php?elecid=231&constitid=2&electype=1","1","","Heather Humphreys (FG)","20.8%","12391","","","","","","","","","","null","null","null","null","null"
"1644067232-120","http://www.irelandelection.com/electiondetail.php?elecid=231&constitid=2&electype=1","","","Jimmy Mee (IND)","0.1%","88","90
(2)","","","","","","","","","null","null","null","null","null"
"1644067232-114","http://www.irelandelection.com/electiondetail.php?elecid=231&constitid=2&electype=1","","","Seán Conlan (IND)","2.8%","1665","1686
(21)","1688
(2)","1754
(66)","1853
(99)","1980
(127)","","","","","null","null","null","null","null"
"1644067232-107","http://www.irelandelection.com/electiondetail.php?elecid=231&constitid=2&electype=1","2","","Caoimhghín Ó Caoláin (SF)","16.9%","10060","10104
(44)","10119
(15)","10265
(146)","10415
(150)","10651
(236)","11047
(396)","11867
(820)","17182
(5315)","","null","null","null","null","null"
"1644067232-112","http://www.irelandelection.com/electiondetail.php?elecid=231&constitid=2&electype=1","","","Mike Durkin (FF)","4.9%","2909","2927
(18)","2931
(4)","2941
(10)","2977
(36)","3062
(85)","3246
(184)","","","","null","null","null","null","null"
"1644067232-118","http://www.irelandelection.com/electiondetail.php?elecid=231&constitid=2&electype=1","","","Aoife O'Connell (DD)","0.5%","279","282
(3)","292
(10)","","","","","","","","null","null","null","null","null"
"1644067232-119","http://www.irelandelection.com/electiondetail.php?elecid=231&constitid=2&electype=1","","","Emmett Smith (IND)","0.4%","245","246
(1)","258
(12)","","","","","","","","null","null","null","null","null"
"1644067232-117","http://www.irelandelection.com/electiondetail.php?elecid=231&constitid=2&electype=1","","","Mick McDermott (DD)","0.8%","475","476
(1)","479
(3)","","","","","","","","null","null","null","null","null"
"1644067232-109","http://www.irelandelection.com/electiondetail.php?elecid=231&constitid=2&electype=1","4","","Niamh Smyth (FF)","10.5%","6268","6296
(28)","6297
(1)","6342
(45)","6455
(113)","6584
(129)","6742
(158)","8216
(1474)","8762
(546)","9644
(882)","null","null","null","null","null"
"1644067232-116","http://www.irelandelection.com/electiondetail.php?elecid=231&constitid=2&electype=1","","","John Wilson (IND)","1.7%","1023","1029
(6)","1036
(7)","1171
(135)","","","","","","","null","null","null","null","null"
"1644067232-111","http://www.irelandelection.com/electiondetail.php?elecid=231&constitid=2&electype=1","","","Kathryn Reilly (SF)","10.2%","6066","6073
(7)","6078
(5)","6268
(190)","6419
(151)","6599
(180)","6737
(138)","6993
(256)","","","null","null","null","null","null"
