﻿web-scraper-order,web-scraper-start-url,Seat,Party,Candidate,Share,Count 1,Count 2,Count 3,Count 4,Count 5,Count 6,Count 7,Count 8,Count 9,Count 10,Count 11,Count 12,Count 13,Count 14,Count 15
"1644167566-7","http://www.irelandelection.com/electiondetail.php?elecid=231&constitid=3&electype=1","","","Noeleen Moran (SF)","7.4%","4216","4277
(61)","4519
(242)","4611
(92)","4664
(53)","4957
(293)","5058
(101)","5083
(25)","5473
(390)","5601
(128)","","","null","null","null"
"1644167566-5","http://www.irelandelection.com/electiondetail.php?elecid=231&constitid=3&electype=1","","","Michael McDonagh (FF)","8.3%","4726","4749
(23)","4764
(15)","4954
(190)","4997
(43)","5056
(59)","5497
(441)","5887
(390)","6139
(252)","6229
(90)","6929
(700)","7762
(833)","null","null","null"
"1644167566-14","http://www.irelandelection.com/electiondetail.php?elecid=231&constitid=3&electype=1","","","Richard Cahill (IND)","1.2%","699","","","","","","","","","","","","null","null","null"
"1644167566-15","http://www.irelandelection.com/electiondetail.php?elecid=231&constitid=3&electype=1","","","André Sibo Hakizimana (IND)","0.1%","70","","","","","","","","","","","","null","null","null"
"1644167566-10","http://www.irelandelection.com/electiondetail.php?elecid=231&constitid=3&electype=1","","","Fergal Smith (GP)","3.0%","1700","1764
(64)","2092
(328)","2144
(52)","2193
(49)","","","","","","","","null","null","null"
"1644167566-16","http://www.irelandelection.com/electiondetail.php?elecid=231&constitid=3&electype=1","","","Dermot Mulqueen (IND)","0.1%","39","","","","","","","","","","","","null","null","null"
"1644167566-3","http://www.irelandelection.com/electiondetail.php?elecid=231&constitid=3&electype=1","3","","Pat Breen (FG)","11.5%","6583","6621
(38)","6640
(19)","6857
(217)","7337
(480)","7420
(83)","7512
(92)","7537
(25)","7815
(278)","7910
(95)","8292
(382)","10088
(1796)","null","null","null"
"1644167566-13","http://www.irelandelection.com/electiondetail.php?elecid=231&constitid=3&electype=1","","","Niamh O'Brien (FN)","2.0%","1154","1216
(62)","","","","","","","","","","","null","null","null"
"1644167566-4","http://www.irelandelection.com/electiondetail.php?elecid=231&constitid=3&electype=1","4","","Joe Carey (FG)","10.7%","6071","6115
(44)","6148
(33)","6195
(47)","6778
(583)","6894
(116)","7032
(138)","7062
(30)","7422
(360)","7535
(113)","7931
(396)","9915
(1984)","null","null","null"
"1644167566-12","http://www.irelandelection.com/electiondetail.php?elecid=231&constitid=3&electype=1","","","Ian Lynch (IND)","2.6%","1494","1535
(41)","1575
(40)","","","","","","","","","","null","null","null"
"1644167566-8","http://www.irelandelection.com/electiondetail.php?elecid=231&constitid=3&electype=1","","","Ann Norton (IND)","3.9%","2240","2321
(81)","2442
(121)","2521
(79)","2686
(165)","2982
(296)","3152
(170)","3205
(53)","","","","","null","null","null"
"1644167566-2","http://www.irelandelection.com/electiondetail.php?elecid=231&constitid=3&electype=1","2","","Michael Harty (IND)","15.1%","8629","8812
(183)","8978
(166)","9605
(627)","9840
(235)","10360
(520)","10688
(328)","10843
(155)","11962
(1119)","","","","null","null","null"
"1644167566-9","http://www.irelandelection.com/electiondetail.php?elecid=231&constitid=3&electype=1","","","Claire Colleran-Molloy (FF)","4.6%","2639","2673
(34)","2697
(24)","2716
(19)","2824
(108)","2880
(56)","","","","","","","null","null","null"
"1644167566-1","http://www.irelandelection.com/electiondetail.php?elecid=231&constitid=3&electype=1","1","","Timmy Dooley (FF)","17.9%","10215","10292
(77)","10382
(90)","10480
(98)","10624
(144)","10772
(148)","12150
(1378)","","","","","","null","null","null"
"1644167566-11","http://www.irelandelection.com/electiondetail.php?elecid=231&constitid=3&electype=1","","","Mary Howard (FG)","3.6%","2053","2076
(23)","2098
(22)","2119
(21)","","","","","","","","","null","null","null"
"1644167566-6","http://www.irelandelection.com/electiondetail.php?elecid=231&constitid=3&electype=1","","","Michael McNamara (LAB)","7.8%","4472","4516
(44)","4587
(71)","4672
(85)","4896
(224)","5347
(451)","5498
(151)","5569
(71)","5955
(386)","6090
(135)","6844
(754)","","null","null","null"
