﻿web-scraper-order,web-scraper-start-url,Seat,Party,Candidate,Share,Count 1,Count 2,Count 3,Count 4,Count 5,Count 6,Count 7,Count 8,Count 9,Count 10,Count 11,Count 12,Count 13,Count 14,Count 15
"1644168019-84","http://www.irelandelection.com/electiondetail.php?elecid=231&constitid=5&electype=1","","","Ger Keohane (IND)","1.8%","912","1152
(240)","1300
(148)","","","","","","","","","null","null","null","null"
"1644168019-85","http://www.irelandelection.com/electiondetail.php?elecid=231&constitid=5&electype=1","","","Thomas Kiely (CPPC)","0.9%","473","548
(75)","","","","","","","","","","null","null","null","null"
"1644168019-78","http://www.irelandelection.com/electiondetail.php?elecid=231&constitid=5&electype=1","","","Kathleen Lynch (LAB)","7.3%","3723","4358
(635)","4419
(61)","4506
(87)","4608
(102)","4718
(110)","5286
(568)","5436
(150)","5805
(369)","5973
(168)","7491
(1518)","null","null","null","null"
"1644168019-87","http://www.irelandelection.com/electiondetail.php?elecid=231&constitid=5&electype=1","","","Peter O'Loughlin (IND)","0.4%","183","218
(35)","","","","","","","","","","null","null","null","null"
"1644168019-79","http://www.irelandelection.com/electiondetail.php?elecid=231&constitid=5&electype=1","","","Julie O'Leary (FG)","7.5%","3841","4283
(442)","4364
(81)","4443
(79)","4687
(244)","4771
(84)","5138
(367)","5225
(87)","5488
(263)","5581
(93)","","null","null","null","null"
"1644168019-77","http://www.irelandelection.com/electiondetail.php?elecid=231&constitid=5&electype=1","4","","Dara Murphy (FG)","10.3%","5264","5718
(454)","5746
(28)","5800
(54)","5957
(157)","6008
(51)","6166
(158)","6250
(84)","6369
(119)","6403
(34)","9256
(2853)","null","null","null","null"
"1644168019-75","http://www.irelandelection.com/electiondetail.php?elecid=231&constitid=5&electype=1","2","","Mick Barry (SOL-PBP)","15.7%","8041","8713
(672)","8904
(191)","9138
(234)","9347
(209)","10097
(750)","10714
(617)","","","","","null","null","null","null"
"1644168019-74","http://www.irelandelection.com/electiondetail.php?elecid=231&constitid=5&electype=1","1","","Billy Kelleher (FF)","27.9%","14286","","","","","","","","","","","null","null","null","null"
"1644168019-82","http://www.irelandelection.com/electiondetail.php?elecid=231&constitid=5&electype=1","","","Ted Tynan (WP)","2.8%","1419","1615
(196)","1694
(79)","1805
(111)","1919
(114)","","","","","","","null","null","null","null"
"1644168019-80","http://www.irelandelection.com/electiondetail.php?elecid=231&constitid=5&electype=1","","","Thomas Gould (SF)","7.4%","3773","4047
(274)","4100
(53)","4175
(75)","4236
(61)","4398
(162)","4458
(60)","","","","","null","null","null","null"
"1644168019-81","http://www.irelandelection.com/electiondetail.php?elecid=231&constitid=5&electype=1","","","Oliver Moran (GP)","3.3%","1693","1936
(243)","2011
(75)","2108
(97)","2331
(223)","2490
(159)","","","","","","null","null","null","null"
"1644168019-83","http://www.irelandelection.com/electiondetail.php?elecid=231&constitid=5&electype=1","","","Paddy O'Leary (REN)","2.2%","1120","1445
(325)","1520
(75)","1716
(196)","","","","","","","","null","null","null","null"
"1644168019-76","http://www.irelandelection.com/electiondetail.php?elecid=231&constitid=5&electype=1","3","","Jonathan O'Brien (SF)","12.2%","6231","6641
(410)","6754
(113)","6865
(111)","6939
(74)","7260
(321)","7462
(202)","11079
(3617)","","","","null","null","null","null"
"1644168019-86","http://www.irelandelection.com/electiondetail.php?elecid=231&constitid=5&electype=1","","","Mick Murphy (IND)","0.4%","215","265
(50)","","","","","","","","","","null","null","null","null"
