﻿web-scraper-order,web-scraper-start-url,Seat,Party,Candidate,Share,Count 1,Count 2,Count 3,Count 4,Count 5,Count 6,Count 7,Count 8,Count 9,Count 10,Count 11,Count 12,Count 13,Count 14,Count 15
"1644168082-123","http://www.irelandelection.com/electiondetail.php?elecid=231&constitid=8&electype=1","","","Johnny O'Mahony (GP)","1.7%","752","","","","","null","null","null","null","null","null","null","null","null","null"
"1644168082-120","http://www.irelandelection.com/electiondetail.php?elecid=231&constitid=8&electype=1","","","Alan Coleman (IND)","11.5%","4955","5272
(317)","5634
(362)","6405
(771)","","null","null","null","null","null","null","null","null","null","null"
"1644168082-117","http://www.irelandelection.com/electiondetail.php?elecid=231&constitid=8&electype=1","2","","Michael Collins (IND)","15.6%","6765","7347
(582)","7793
(446)","9258
(1465)","11063
(1805)","null","null","null","null","null","null","null","null","null","null"
"1644168082-119","http://www.irelandelection.com/electiondetail.php?elecid=231&constitid=8&electype=1","","","Noel Harrington (FG)","14.9%","6433","6574
(141)","7377
(803)","7544
(167)","8208
(664)","null","null","null","null","null","null","null","null","null","null"
"1644168082-116","http://www.irelandelection.com/electiondetail.php?elecid=231&constitid=8&electype=1","1","","Margaret Murphy-O'Mahony (FF)","19.6%","8482","8845
(363)","9228
(383)","10020
(792)","11962
(1942)","null","null","null","null","null","null","null","null","null","null"
"1644168082-118","http://www.irelandelection.com/electiondetail.php?elecid=231&constitid=8&electype=1","3","","Jim Daly (FG)","17.0%","7370","7633
(263)","8523
(890)","8774
(251)","9799
(1025)","null","null","null","null","null","null","null","null","null","null"
"1644168082-121","http://www.irelandelection.com/electiondetail.php?elecid=231&constitid=8&electype=1","","","Rachel McCarthy (SF)","8.5%","3656","3993
(337)","4260
(267)","","","null","null","null","null","null","null","null","null","null","null"
"1644168082-124","http://www.irelandelection.com/electiondetail.php?elecid=231&constitid=8&electype=1","","","Gillian Powell (IND)","1.6%","701","","","","","null","null","null","null","null","null","null","null","null","null"
"1644168082-122","http://www.irelandelection.com/electiondetail.php?elecid=231&constitid=8&electype=1","","","Michael McCarthy (LAB)","7.0%","3035","3397
(362)","","","","null","null","null","null","null","null","null","null","null","null"
"1644168082-126","http://www.irelandelection.com/electiondetail.php?elecid=231&constitid=8&electype=1","","","Fiona Pettit O'Leary (IND)","1.0%","423","","","","","null","null","null","null","null","null","null","null","null","null"
"1644168082-125","http://www.irelandelection.com/electiondetail.php?elecid=231&constitid=8&electype=1","","","Theresa Heaney (CD)","1.6%","686","","","","","null","null","null","null","null","null","null","null","null","null"
