﻿web-scraper-order,web-scraper-start-url,Seat,Party,Candidate,Share,Count 1,Count 2,Count 3,Count 4,Count 5,Count 6,Count 7,Count 8,Count 9,Count 10,Count 11,Count 12,Count 13,Count 14,Count 15
"1644168042-91","http://www.irelandelection.com/electiondetail.php?elecid=231&constitid=6&electype=1","","","John Paul O'Shea (IND)","10.3%","4814","4919
(105)","5033
(114)","5444
(411)","5723
(279)","6687
(964)","7897
(1210)","8549
(652)","9680
(1131)","null","null","null","null","null","null"
"1644168042-92","http://www.irelandelection.com/electiondetail.php?elecid=231&constitid=6&electype=1","","","Áine Collins (FG)","13.3%","6237","6297
(60)","6495
(198)","6685
(190)","6944
(259)","7191
(247)","7388
(197)","","","null","null","null","null","null","null"
"1644168042-93","http://www.irelandelection.com/electiondetail.php?elecid=231&constitid=6&electype=1","","","Nigel Dennehy (SF)","6.9%","3238","3334
(96)","3485
(151)","3633
(148)","3783
(150)","4256
(473)","","","","null","null","null","null","null","null"
"1644168042-96","http://www.irelandelection.com/electiondetail.php?elecid=231&constitid=6&electype=1","","","Steven O'Riordan (IND)","2.9%","1361","1530
(169)","1728
(198)","","","","","","","null","null","null","null","null","null"
"1644168042-95","http://www.irelandelection.com/electiondetail.php?elecid=231&constitid=6&electype=1","","","Jason Fitzgerald (REN)","3.3%","1568","1633
(65)","1760
(127)","1880
(120)","","","","","","null","null","null","null","null","null"
"1644168042-89","http://www.irelandelection.com/electiondetail.php?elecid=231&constitid=6&electype=1","2","","Aindrias Moynihan (FF)","19.0%","8924","9004
(80)","9201
(197)","9367
(166)","9678
(311)","9956
(278)","10755
(799)","11141
(386)","11959
(818)","null","null","null","null","null","null"
"1644168042-99","http://www.irelandelection.com/electiondetail.php?elecid=231&constitid=6&electype=1","","","Shirley Griffin (CPPC)","0.9%","439","","","","","","","","","null","null","null","null","null","null"
"1644168042-97","http://www.irelandelection.com/electiondetail.php?elecid=231&constitid=6&electype=1","","","Cormac Manning (GP)","2.9%","1354","1501
(147)","","","","","","","","null","null","null","null","null","null"
"1644168042-98","http://www.irelandelection.com/electiondetail.php?elecid=231&constitid=6&electype=1","","","Jerry O'Sullivan (IND)","1.0%","478","","","","","","","","","null","null","null","null","null","null"
"1644168042-100","http://www.irelandelection.com/electiondetail.php?elecid=231&constitid=6&electype=1","","","Michael O'Donnell (COM)","0.4%","185","","","","","","","","","null","null","null","null","null","null"
"1644168042-94","http://www.irelandelection.com/electiondetail.php?elecid=231&constitid=6&electype=1","","","Diarmuid O'Flynn (IA)","4.6%","2159","2317
(158)","2499
(182)","2727
(228)","2930
(203)","","","","","null","null","null","null","null","null"
"1644168042-88","http://www.irelandelection.com/electiondetail.php?elecid=231&constitid=6&electype=1","1","","Michael Creed (FG)","18.9%","8869","9024
(155)","9174
(150)","9327
(153)","9566
(239)","9747
(181)","10078
(331)","14957
(4879)","","null","null","null","null","null","null"
"1644168042-90","http://www.irelandelection.com/electiondetail.php?elecid=231&constitid=6&electype=1","3","","Michael Moynihan (FF)","15.6%","7332","7344
(12)","7374
(30)","7519
(145)","7758
(239)","8144
(386)","8388
(244)","9228
(840)","9929
(701)","null","null","null","null","null","null"
