﻿web-scraper-order,web-scraper-start-url,Seat,Party,Candidate,Share,Count 1,Count 2,Count 3,Count 4,Count 5,Count 6,Count 7,Count 8,Count 9,Count 10,Count 11,Count 12,Count 13,Count 14,Count 15
"1644168101-134","http://www.irelandelection.com/electiondetail.php?elecid=231&constitid=7&electype=1","","","Ciarán Lynch (LAB)","4.3%","2417","2462
(45)","2478
(16)","2481
(3)","2504
(23)","2513
(9)","2574
(61)","2611
(37)","2685
(74)","","","null","null","null","null"
"1644168101-141","http://www.irelandelection.com/electiondetail.php?elecid=231&constitid=7&electype=1","","","Michael Mohally (IND)","0.3%","170","173
(3)","176
(3)","","","","","","","","","null","null","null","null"
"1644168101-129","http://www.irelandelection.com/electiondetail.php?elecid=231&constitid=7&electype=1","3","","Donnchadh Ó Laoghaire (SF)","12.6%","6986","7090
(104)","7122
(32)","7152
(30)","7257
(105)","7414
(157)","7524
(110)","7877
(353)","8366
(489)","8526
(160)","10653
(2127)","null","null","null","null"
"1644168101-140","http://www.irelandelection.com/electiondetail.php?elecid=231&constitid=7&electype=1","","","Elizabeth Hourihane (IND)","0.5%","304","327
(23)","329
(2)","333
(4)","","","","","","","","null","null","null","null"
"1644168101-131","http://www.irelandelection.com/electiondetail.php?elecid=231&constitid=7&electype=1","","","Jerry Buttimer (FG)","11.5%","6419","6498
(79)","6530
(32)","6532
(2)","6568
(36)","6582
(14)","6701
(119)","6727
(26)","6786
(59)","7843
(1057)","9117
(1274)","null","null","null","null"
"1644168101-128","http://www.irelandelection.com/electiondetail.php?elecid=231&constitid=7&electype=1","2","","Micheál Martin (FF)","20.4%","11346","","","","","","","","","","","null","null","null","null"
"1644168101-135","http://www.irelandelection.com/electiondetail.php?elecid=231&constitid=7&electype=1","","","Fiona Ryan (SOL-PBP)","1.7%","937","954
(17)","960
(6)","976
(16)","1037
(61)","1492
(455)","1592
(100)","1882
(290)","","","","null","null","null","null"
"1644168101-138","http://www.irelandelection.com/electiondetail.php?elecid=231&constitid=7&electype=1","","","Jim O’Connell (SOL-PBP)","1.4%","795","810
(15)","815
(5)","829
(14)","880
(51)","","","","","","","null","null","null","null"
"1644168101-137","http://www.irelandelection.com/electiondetail.php?elecid=231&constitid=7&electype=1","","","Ciarán Kenneally (REN)","1.6%","887","931
(44)","944
(13)","951
(7)","990
(39)","1014
(24)","","","","","","null","null","null","null"
"1644168101-130","http://www.irelandelection.com/electiondetail.php?elecid=231&constitid=7&electype=1","4","","Simon Coveney (FG)","14.2%","7865","8180
(315)","8233
(53)","8241
(8)","8293
(52)","8303
(10)","8468
(165)","8527
(59)","8591
(64)","9315
(724)","10372
(1057)","null","null","null","null"
"1644168101-133","http://www.irelandelection.com/electiondetail.php?elecid=231&constitid=7&electype=1","","","Lorna Bogue (GP)","3.7%","2064","2095
(31)","2108
(13)","2114
(6)","2183
(69)","2243
(60)","2364
(121)","2452
(88)","2930
(478)","3291
(361)","","null","null","null","null"
"1644168101-139","http://www.irelandelection.com/electiondetail.php?elecid=231&constitid=7&electype=1","","","Joe Harris (IND)","0.6%","350","371
(21)","376
(5)","388
(12)","","","","","","","","null","null","null","null"
"1644168101-127","http://www.irelandelection.com/electiondetail.php?elecid=231&constitid=7&electype=1","1","","Michael McGrath (FF)","21.2%","11795","","","","","","","","","","","null","null","null","null"
"1644168101-136","http://www.irelandelection.com/electiondetail.php?elecid=231&constitid=7&electype=1","","","Diarmaid Ó Cadhla (CPPC)","1.6%","869","885
(16)","891
(6)","941
(50)","1047
(106)","1107
(60)","1188
(81)","","","","","null","null","null","null"
"1644168101-132","http://www.irelandelection.com/electiondetail.php?elecid=231&constitid=7&electype=1","","","Mick Finn (IA)","4.3%","2378","2423
(45)","2446
(23)","2454
(8)","2528
(74)","2583
(55)","2686
(103)","2869
(183)","3199
(330)","3356
(157)","","null","null","null","null"
