﻿web-scraper-order,web-scraper-start-url,Seat,Party,Candidate,Share,Count 1,Count 2,Count 3,Count 4,Count 5,Count 6,Count 7,Count 8,Count 9,Count 10,Count 11,Count 12,Count 13,Count 14,Count 15
"1645376858-7","https://irelandelection.com/electiondetail.php?elecid=231&constitid=4&electype=1","","","Paul Bradford (REN)","6.1%","3244","3327
(83)","3460
(133)","3531
(71)","3834
(303)","4191
(357)","4596
(405)","","","","null","null","null","null","null"
"1645376858-1","https://irelandelection.com/electiondetail.php?elecid=231&constitid=4&electype=1","1","","Seán Sherlock (LAB)","13.2%","6949","7124
(175)","7394
(270)","7486
(92)","7780
(294)","8674
(894)","8986
(312)","9916
(930)","11803
(1887)","","null","null","null","null","null"
"1645376858-2","https://irelandelection.com/electiondetail.php?elecid=231&constitid=4&electype=1","2","","David Stanton (FG)","13.6%","7171","7296
(125)","7401
(105)","7484
(83)","7593
(109)","8312
(719)","9099
(787)","9647
(548)","11558
(1911)","","null","null","null","null","null"
"1645376858-9","https://irelandelection.com/electiondetail.php?elecid=231&constitid=4&electype=1","","","Tom Barry (FG)","6.6%","3461","3495
(34)","3520
(25)","3532
(12)","3573
(41)","","","","","","null","null","null","null","null"
"1645376858-5","https://irelandelection.com/electiondetail.php?elecid=231&constitid=4&electype=1","","","Barbara Ahern (FF)","8.7%","4594","4635
(41)","4730
(95)","4824
(94)","4986
(162)","5081
(95)","5553
(472)","6216
(663)","6432
(216)","6781
(349)","null","null","null","null","null"
"1645376858-6","https://irelandelection.com/electiondetail.php?elecid=231&constitid=4&electype=1","","","Noel McCarthy (FG)","8.3%","4406","4425
(19)","4479
(54)","4565
(86)","4718
(153)","5688
(970)","5779
(91)","6203
(424)","","","null","null","null","null","null"
"1645376858-11","https://irelandelection.com/electiondetail.php?elecid=231&constitid=4&electype=1","","","Kieran McCarthy (IND)","3.1%","1635","1692
(57)","1813
(121)","","","","","","","","null","null","null","null","null"
"1645376858-14","https://irelandelection.com/electiondetail.php?elecid=231&constitid=4&electype=1","","","Paddy Bullman (IND)","0.5%","241","","","","","","","","","","null","null","null","null","null"
"1645376858-12","https://irelandelection.com/electiondetail.php?elecid=231&constitid=4&electype=1","","","Ken Curtin (SD)","2.6%","1386","1570
(184)","","","","","","","","","null","null","null","null","null"
"1645376858-10","https://irelandelection.com/electiondetail.php?elecid=231&constitid=4&electype=1","","","Ciara Leonardi-Roche (SOL-PBP)","3.8%","1999","2176
(177)","2586
(410)","3237
(651)","","","","","","","null","null","null","null","null"
"1645376858-8","https://irelandelection.com/electiondetail.php?elecid=231&constitid=4&electype=1","","","Mary Linehan-Foley (IND)","6.0%","3145","3280
(135)","3365
(85)","3515
(150)","4104
(589)","4132
(28)","","","","","null","null","null","null","null"
"1645376858-3","https://irelandelection.com/electiondetail.php?elecid=231&constitid=4&electype=1","3","","Kevin O'Keeffe (FF)","15.6%","8264","8290
(26)","8347
(57)","8416
(69)","8548
(132)","8875
(327)","9254
(379)","9880
(626)","11035
(1155)","","null","null","null","null","null"
"1645376858-13","https://irelandelection.com/electiondetail.php?elecid=231&constitid=4&electype=1","","","Natasha Harty (GP)","1.5%","806","","","","","","","","","","null","null","null","null","null"
"1645376858-15","https://irelandelection.com/electiondetail.php?elecid=231&constitid=4&electype=1","","","Ross Cannon (IND)","0.3%","147","","","","","","","","","","null","null","null","null","null"
"1645376858-4","https://irelandelection.com/electiondetail.php?elecid=231&constitid=4&electype=1","4","","Pat Buckley (SF)","10.1%","5358","5437
(79)","5572
(135)","5969
(397)","6776
(807)","6861
(85)","7681
(820)","8175
(494)","8457
(282)","8639
(182)","null","null","null","null","null"
