﻿web-scraper-order,web-scraper-start-url,Seat,Party,Candidate,Share,Count 1,Count 2,Count 3,Count 4,Count 5,Count 6,Count 7,Count 8,Count 9,Count 10,Count 11,Count 12,Count 13,Count 14,Count 15
"1644168136-148","http://www.irelandelection.com/electiondetail.php?elecid=231&constitid=52&electype=1","","","Tim Jackson (IND)","4.9%","3580","3585
(5)","3601
(16)","3752
(151)","4034
(282)","4319
(285)","4524
(205)","4650
(126)","4790
(140)","5864
(1074)","","","","null","null"
"1644168136-155","http://www.irelandelection.com/electiondetail.php?elecid=231&constitid=52&electype=1","","","Paula Flanagan (GP)","0.6%","428","442
(14)","443
(1)","","","","","","","","","","","null","null"
"1644168136-142","http://www.irelandelection.com/electiondetail.php?elecid=231&constitid=52&electype=1","1","","Charlie McConalogue (FF)","17.1%","12533","","","","","","","","","","","","","null","null"
"1644168136-146","http://www.irelandelection.com/electiondetail.php?elecid=231&constitid=52&electype=1","5","","Thomas Pringle (IND)","8.5%","6220","6239
(19)","6247
(8)","6498
(251)","6689
(191)","7389
(700)","7522
(133)","7617
(95)","7722
(105)","8491
(769)","9642
(1151)","9888
(246)","10082
(194)","null","null"
"1644168136-143","http://www.irelandelection.com/electiondetail.php?elecid=231&constitid=52&electype=1","2","","Pearse Doherty (SF)","14.1%","10300","10305
(5)","10330
(25)","10524
(194)","10870
(346)","11053
(183)","11190
(137)","14600
(3410)","","","","","","null","null"
"1644168136-153","http://www.irelandelection.com/electiondetail.php?elecid=231&constitid=52&electype=1","","","Frank McBrearty (IND)","2.6%","1914","1917
(3)","1921
(4)","1981
(60)","","","","","","","","","","null","null"
"1644168136-144","http://www.irelandelection.com/electiondetail.php?elecid=231&constitid=52&electype=1","3","","Pat the Cope Gallagher (FF)","13.9%","10198","10203
(5)","10362
(159)","10504
(142)","10694
(190)","10941
(247)","11160
(219)","11267
(107)","11398
(131)","11832
(434)","13138
(1306)","","","null","null"
"1644168136-151","http://www.irelandelection.com/electiondetail.php?elecid=231&constitid=52&electype=1","","","Paddy Harte (FG)","3.9%","2831","2832
(1)","2838
(6)","2934
(96)","3133
(199)","3244
(111)","","","","","","","","null","null"
"1644168136-156","http://www.irelandelection.com/electiondetail.php?elecid=231&constitid=52&electype=1","","","Michael Mooney (IND)","0.5%","397","402
(5)","407
(5)","","","","","","","","","","","null","null"
"1644168136-147","http://www.irelandelection.com/electiondetail.php?elecid=231&constitid=52&electype=1","","","Padraig MacLochlainn (SF)","7.8%","5742","5743
(1)","5773
(30)","5893
(120)","5961
(68)","6008
(47)","6032
(24)","6567
(535)","8509
(1942)","9143
(634)","9716
(573)","9852
(136)","9898
(46)","null","null"
"1644168136-145","http://www.irelandelection.com/electiondetail.php?elecid=231&constitid=52&electype=1","4","","Joe McHugh (FG)","11.5%","8412","8414
(2)","8443
(29)","8704
(261)","8795
(91)","8965
(170)","11016
(2051)","11040
(24)","11061
(21)","11784
(723)","12469
(685)","","","null","null"
"1644168136-157","http://www.irelandelection.com/electiondetail.php?elecid=231&constitid=52&electype=1","","","Cordelia Níc Fhearraigh (FN)","0.1%","70","","","","","","","","","","","","","null","null"
"1644168136-152","http://www.irelandelection.com/electiondetail.php?elecid=231&constitid=52&electype=1","","","Niamh Kennedy (IA)","2.5%","1836","1842
(6)","1848
(6)","1983
(135)","2057
(74)","","","","","","","","","null","null"
"1644168136-150","http://www.irelandelection.com/electiondetail.php?elecid=231&constitid=52&electype=1","","","Gary Doherty (SF)","5.6%","4136","4138
(2)","4142
(4)","4183
(41)","4377
(194)","4420
(43)","4456
(36)","","","","","","","null","null"
"1644168136-154","http://www.irelandelection.com/electiondetail.php?elecid=231&constitid=52&electype=1","","","Ian McGarvey (IND)","1.3%","982","982
(0)","989
(7)","","","","","","","","","","","null","null"
"1644168136-149","http://www.irelandelection.com/electiondetail.php?elecid=231&constitid=52&electype=1","","","Dessie Shiels (IND)","5.1%","3724","3724
(0)","3739
(15)","3986
(247)","4166
(180)","4288
(122)","4463
(175)","4497
(34)","4540
(43)","","","","","null","null"
