﻿web-scraper-order,web-scraper-start-url,Seat,Party,Candidate,Share,Count 1,Count 2,Count 3,Count 4,Count 5,Count 6,Count 7,Count 8,Count 9,Count 10,Count 11,Count 12,Count 13,Count 14,Count 15
"1644169003-332","http://www.irelandelection.com/electiondetail.php?elecid=231&constitid=22&electype=1","","","Máire Devine (SF)","7.8%","3332","3363
(31)","3389
(26)","3423
(34)","3531
(108)","3686
(155)","","","","","","null","null","null","null"
"1644169003-327","http://www.irelandelection.com/electiondetail.php?elecid=231&constitid=22&electype=1","2","","Joan Collins (I4C)","14.5%","6195","6303
(108)","6374
(71)","6461
(87)","7034
(573)","7666
(632)","8168
(502)","8618
(450)","","","","null","null","null","null"
"1644169003-334","http://www.irelandelection.com/electiondetail.php?elecid=231&constitid=22&electype=1","","","Paul Hand (IND)","4.7%","2011","2100
(89)","2222
(122)","2358
(136)","","","","","","","","null","null","null","null"
"1644169003-330","http://www.irelandelection.com/electiondetail.php?elecid=231&constitid=22&electype=1","","","Catherine Ardagh (FF)","12.7%","5441","5508
(67)","5698
(190)","5817
(119)","6064
(247)","6439
(375)","6556
(117)","6617
(61)","7116
(499)","7841
(725)","7844
(3)","null","null","null","null"
"1644169003-326","http://www.irelandelection.com/electiondetail.php?elecid=231&constitid=22&electype=1","1","","Aengus Ó Snodaigh (SF)","15.5%","6639","6690
(51)","6715
(25)","6734
(19)","6927
(193)","7061
(134)","9566
(2505)","","","","","null","null","null","null"
"1644169003-336","http://www.irelandelection.com/electiondetail.php?elecid=231&constitid=22&electype=1","","","Michael Gargan (REN)","2.1%","893","943
(50)","","","","","","","","","","null","null","null","null"
"1644169003-335","http://www.irelandelection.com/electiondetail.php?elecid=231&constitid=22&electype=1","","","Oisín Ó hAlmhain (GP)","3.3%","1410","1431
(21)","1514
(83)","","","","","","","","","null","null","null","null"
"1644169003-338","http://www.irelandelection.com/electiondetail.php?elecid=231&constitid=22&electype=1","","","Richard Murray (IND)","0.7%","294","","","","","","","","","","","null","null","null","null"
"1644169003-329","http://www.irelandelection.com/electiondetail.php?elecid=231&constitid=22&electype=1","4","","Bríd Smith (SOL-PBP)","10.2%","4374","4476
(102)","4527
(51)","4729
(202)","5193
(464)","5853
(660)","6208
(355)","6643
(435)","7410
(767)","7836
(426)","7879
(43)","null","null","null","null"
"1644169003-328","http://www.irelandelection.com/electiondetail.php?elecid=231&constitid=22&electype=1","3","","Catherine Byrne (FG)","14.3%","6130","6154
(24)","6317
(163)","6516
(199)","6679
(163)","7037
(358)","7090
(53)","7111
(21)","9723
(2612)","","","null","null","null","null"
"1644169003-333","http://www.irelandelection.com/electiondetail.php?elecid=231&constitid=22&electype=1","","","Liam Coyne (SD)","5.7%","2434","2486
(52)","2595
(109)","2998
(403)","3256
(258)","","","","","","","null","null","null","null"
"1644169003-331","http://www.irelandelection.com/electiondetail.php?elecid=231&constitid=22&electype=1","","","Eric Byrne (LAB)","7.7%","3297","3314
(17)","3372
(58)","3645
(273)","3822
(177)","4481
(659)","4531
(50)","4558
(27)","","","","null","null","null","null"
"1644169003-337","http://www.irelandelection.com/electiondetail.php?elecid=231&constitid=22&electype=1","","","Neville Bradley (DD)","0.9%","407","","","","","","","","","","","null","null","null","null"
