﻿web-scraper-order,web-scraper-start-url,Seat,Party,Candidate,Share,Count 1,Count 2,Count 3,Count 4,Count 5,Count 6,Count 7,Count 8,Count 9,Count 10,Count 11,Count 12,Count 13,Count 14,Count 15
"1644168850-285","http://www.irelandelection.com/electiondetail.php?elecid=231&constitid=15&electype=1","","","Paul Gogarty (IA)","5.9%","2522","2593
(71)","2623
(30)","2646
(23)","2658
(12)","2700
(42)","2741
(41)","2863
(122)","3164
(301)","3640
(476)","4179
(539)","","null","null","null"
"1644168850-293","http://www.irelandelection.com/electiondetail.php?elecid=231&constitid=15&electype=1","","","Haroon Khan (IND)","0.6%","268","272
(4)","273
(1)","275
(2)","","","","","","","","","null","null","null"
"1644168850-286","http://www.irelandelection.com/electiondetail.php?elecid=231&constitid=15&electype=1","","","Derek Keating (FG)","5.4%","2337","2356
(19)","2549
(193)","2559
(10)","2603
(44)","2636
(33)","2653
(17)","2696
(43)","2725
(29)","3505
(780)","","","null","null","null"
"1644168850-291","http://www.irelandelection.com/electiondetail.php?elecid=231&constitid=15&electype=1","","","Clare Leonard (IND)","0.8%","358","379
(21)","383
(4)","398
(15)","403
(5)","422
(19)","","","","","","","null","null","null"
"1644168850-290","http://www.irelandelection.com/electiondetail.php?elecid=231&constitid=15&electype=1","","","Tom Kivlehan (GP)","0.9%","388","405
(17)","410
(5)","413
(3)","417
(4)","430
(13)","443
(13)","","","","","","null","null","null"
"1644168850-280","http://www.irelandelection.com/electiondetail.php?elecid=231&constitid=15&electype=1","1","","Eoin Ó Broin (SF)","22.7%","9782","","","","","","","","","","","","null","null","null"
"1644168850-294","http://www.irelandelection.com/electiondetail.php?elecid=231&constitid=15&electype=1","","","Christopher Healy (DD)","0.4%","167","179
(12)","180
(1)","","","","","","","","","","null","null","null"
"1644168850-289","http://www.irelandelection.com/electiondetail.php?elecid=231&constitid=15&electype=1","","","Lorraine Hennessy (WP)","1.2%","502","553
(51)","555
(2)","568
(13)","570
(2)","584
(14)","613
(29)","","","","","","null","null","null"
"1644168850-288","http://www.irelandelection.com/electiondetail.php?elecid=231&constitid=15&electype=1","","","Francis Timmons (IND)","2.5%","1085","1195
(110)","1200
(5)","1210
(10)","1214
(4)","1233
(19)","1318
(85)","1422
(104)","","","","","null","null","null"
"1644168850-292","http://www.irelandelection.com/electiondetail.php?elecid=231&constitid=15&electype=1","","","Patrick Akpoveta (IND)","0.7%","288","307
(19)","311
(4)","318
(7)","343
(25)","","","","","","","","null","null","null"
"1644168850-282","http://www.irelandelection.com/electiondetail.php?elecid=231&constitid=15&electype=1","3","","John Curran (FF)","16.2%","6971","7054
(83)","7109
(55)","7114
(5)","7145
(31)","7180
(35)","7218
(38)","7274
(56)","7383
(109)","7685
(302)","8287
(602)","9497
(1210)","null","null","null"
"1644168850-287","http://www.irelandelection.com/electiondetail.php?elecid=231&constitid=15&electype=1","","","Joanna Tuffy (LAB)","5.0%","2146","2175
(29)","2252
(77)","2259
(7)","2311
(52)","2342
(31)","2355
(13)","2475
(120)","2515
(40)","","","","null","null","null"
"1644168850-284","http://www.irelandelection.com/electiondetail.php?elecid=231&constitid=15&electype=1","","","Anne-Marie McNally (SD)","6.1%","2633","2730
(97)","2747
(17)","2766
(19)","2773
(7)","2804
(31)","2867
(63)","3048
(181)","3235
(187)","3679
(444)","4460
(781)","5320
(860)","null","null","null"
"1644168850-283","http://www.irelandelection.com/electiondetail.php?elecid=231&constitid=15&electype=1","4","","Gino Kenny (SOL-PBP)","10.7%","4629","5257
(628)","5270
(13)","5321
(51)","5331
(10)","5397
(66)","5474
(77)","5791
(317)","6331
(540)","6542
(211)","7498
(956)","7911
(413)","null","null","null"
"1644168850-281","http://www.irelandelection.com/electiondetail.php?elecid=231&constitid=15&electype=1","2","","Frances Fitzgerald (FG)","20.9%","9028","","","","","","","","","","","","null","null","null"
