﻿web-scraper-order,web-scraper-start-url,Seat,Party,Candidate,Share,Count 1,Count 2,Count 3,Count 4,Count 5,Count 6,Count 7,Count 8,Count 9,Count 10,Count 11,Count 12,Count 13,Count 14,Count 15
"1644168785-251","http://www.irelandelection.com/electiondetail.php?elecid=231&constitid=14&electype=1","2","","Clare Daly (I4C)","15.7%","9480","9552
(72)","9827
(275)","10566
(739)","","","","","","","null","null","null","null","null"
"1644168785-255","http://www.irelandelection.com/electiondetail.php?elecid=231&constitid=14&electype=1","","","James Reilly (FG)","7.7%","4666","4699
(33)","4735
(36)","4767
(32)","4769
(2)","4955
(186)","5259
(304)","5549
(290)","5756
(207)","6215
(459)","null","null","null","null","null"
"1644168785-256","http://www.irelandelection.com/electiondetail.php?elecid=231&constitid=14&electype=1","","","Lorraine Clifford-Lee (FF)","5.6%","3359","3788
(429)","3871
(83)","3937
(66)","3953
(16)","4339
(386)","4705
(366)","5099
(394)","5595
(496)","","null","null","null","null","null"
"1644168785-257","http://www.irelandelection.com/electiondetail.php?elecid=231&constitid=14&electype=1","","","Barry Martin (I4C)","4.0%","2412","2424
(12)","2694
(270)","3126
(432)","3404
(278)","3649
(245)","4298
(649)","5077
(779)","","","null","null","null","null","null"
"1644168785-252","http://www.irelandelection.com/electiondetail.php?elecid=231&constitid=14&electype=1","3","","Alan Farrell (FG)","12.4%","7514","7563
(49)","7627
(64)","7664
(37)","7672
(8)","8082
(410)","8244
(162)","8709
(465)","8969
(260)","9965
(996)","null","null","null","null","null"
"1644168785-259","http://www.irelandelection.com/electiondetail.php?elecid=231&constitid=14&electype=1","","","Tony Murphy (IA)","4.1%","2503","2520
(17)","2679
(159)","2863
(184)","2896
(33)","3104
(208)","","","","","null","null","null","null","null"
"1644168785-262","http://www.irelandelection.com/electiondetail.php?elecid=231&constitid=14&electype=1","","","Roslyn Fuller (IND)","1.3%","772","775
(3)","","","","","","","","","null","null","null","null","null"
"1644168785-250","http://www.irelandelection.com/electiondetail.php?elecid=231&constitid=14&electype=1","1","","Darragh O'Brien (FF)","17.9%","10826","","","","","","","","","","null","null","null","null","null"
"1644168785-261","http://www.irelandelection.com/electiondetail.php?elecid=231&constitid=14&electype=1","","","Terry Kelleher (SOL-PBP)","3.4%","2067","2076
(9)","2210
(134)","","","","","","","","null","null","null","null","null"
"1644168785-253","http://www.irelandelection.com/electiondetail.php?elecid=231&constitid=14&electype=1","4","","Brendan Ryan (LAB)","10.0%","6009","6054
(45)","6125
(71)","6193
(68)","6210
(17)","6358
(148)","6800
(442)","7794
(994)","8424
(630)","9406
(982)","null","null","null","null","null"
"1644168785-254","http://www.irelandelection.com/electiondetail.php?elecid=231&constitid=14&electype=1","5","","Louise O'Reilly (SF)","8.7%","5228","5246
(18)","5314
(68)","5621
(307)","5719
(98)","5858
(139)","6193
(335)","6465
(272)","7911
(1446)","8771
(860)","null","null","null","null","null"
"1644168785-258","http://www.irelandelection.com/electiondetail.php?elecid=231&constitid=14&electype=1","","","Joe O'Brien (GP)","4.6%","2783","2802
(19)","2964
(162)","3105
(141)","3125
(20)","3430
(305)","3758
(328)","","","","null","null","null","null","null"
"1644168785-264","http://www.irelandelection.com/electiondetail.php?elecid=231&constitid=14&electype=1","","","Fergal O'Connell (IND)","0.1%","51","52
(1)","","","","","","","","","null","null","null","null","null"
"1644168785-260","http://www.irelandelection.com/electiondetail.php?elecid=231&constitid=14&electype=1","","","Gerry Molloy (REN)","3.5%","2091","2139
(48)","2219
(80)","2326
(107)","2355
(29)","","","","","","null","null","null","null","null"
"1644168785-263","http://www.irelandelection.com/electiondetail.php?elecid=231&constitid=14&electype=1","","","Marcus De Brun (IND)","1.0%","627","633
(6)","","","","","","","","","null","null","null","null","null"
