﻿web-scraper-order,web-scraper-start-url,Seat,Party,Candidate,Share,Count 1,Count 2,Count 3,Count 4,Count 5,Count 6,Count 7,Count 8,Count 9,Count 10,Count 11,Count 12,Count 13,Count 14,Count 15
"1644168539-215","http://www.irelandelection.com/electiondetail.php?elecid=231&constitid=12&electype=1","","","Mannix Flynn (IND)","3.8%","1525","1648
(123)","","","","","","","null","null","null","null","null","null","null"
"1644168539-208","http://www.irelandelection.com/electiondetail.php?elecid=231&constitid=12&electype=1","3","","Jim O'Callaghan (FF)","11.5%","4575","4596
(21)","4674
(78)","4744
(70)","4949
(205)","5969
(1020)","6678
(709)","6921
(243)","null","null","null","null","null","null","null"
"1644168539-213","http://www.irelandelection.com/electiondetail.php?elecid=231&constitid=12&electype=1","","","Gleanna Lynch (SD)","6.7%","2652","2694
(42)","2949
(255)","3527
(578)","","","","","null","null","null","null","null","null","null"
"1644168539-217","http://www.irelandelection.com/electiondetail.php?elecid=231&constitid=12&electype=1","","","Eoin Tierney (IND)","0.4%","151","","","","","","","","null","null","null","null","null","null","null"
"1644168539-206","http://www.irelandelection.com/electiondetail.php?elecid=231&constitid=12&electype=1","1","","Eamon Ryan (GP)","11.4%","4529","4631
(102)","4929
(298)","5277
(348)","6605
(1328)","7560
(955)","8788
(1228)","","null","null","null","null","null","null","null"
"1644168539-207","http://www.irelandelection.com/electiondetail.php?elecid=231&constitid=12&electype=1","2","","Eoghan Murphy (FG)","16.5%","6567","6595
(28)","6661
(66)","6693
(32)","6873
(180)","7860
(987)","8023
(163)","","null","null","null","null","null","null","null"
"1644168539-209","http://www.irelandelection.com/electiondetail.php?elecid=231&constitid=12&electype=1","4","","Kate O'Connell (FG)","13.6%","5399","5416
(17)","5483
(67)","5527
(44)","5773
(246)","6324
(551)","6446
(122)","6547
(101)","null","null","null","null","null","null","null"
"1644168539-211","http://www.irelandelection.com/electiondetail.php?elecid=231&constitid=12&electype=1","","","Chris Andrews (SF)","9.5%","3774","3796
(22)","3957
(161)","4511
(554)","4888
(377)","5197
(309)","","","null","null","null","null","null","null","null"
"1644168539-218","http://www.irelandelection.com/electiondetail.php?elecid=231&constitid=12&electype=1","","","William DJ Gorman (IND)","0.2%","97","","","","","","","","null","null","null","null","null","null","null"
"1644168539-219","http://www.irelandelection.com/electiondetail.php?elecid=231&constitid=12&electype=1","","","John Dominic Keigher (IND)","0.1%","37","","","","","","","","null","null","null","null","null","null","null"
"1644168539-216","http://www.irelandelection.com/electiondetail.php?elecid=231&constitid=12&electype=1","","","Alan MacStiofain (IND)","0.6%","235","","","","","","","","null","null","null","null","null","null","null"
"1644168539-212","http://www.irelandelection.com/electiondetail.php?elecid=231&constitid=12&electype=1","","","Lucinda Creighton (REN)","10.7%","4229","4252
(23)","4385
(133)","4545
(160)","4820
(275)","","","","null","null","null","null","null","null","null"
"1644168539-214","http://www.irelandelection.com/electiondetail.php?elecid=231&constitid=12&electype=1","","","Annette Mooney (SOL-PBP)","4.4%","1728","1819
(91)","2149
(330)","","","","","","null","null","null","null","null","null","null"
"1644168539-210","http://www.irelandelection.com/electiondetail.php?elecid=231&constitid=12&electype=1","","","Kevin Humphreys (LAB)","10.6%","4205","4227
(22)","4378
(151)","4480
(102)","4992
(512)","5391
(399)","5973
(582)","6221
(248)","null","null","null","null","null","null","null"
