﻿web-scraper-order,web-scraper-start-url,Seat,Party,Candidate,Share,Count 1,Count 2,Count 3,Count 4,Count 5,Count 6,Count 7,Count 8,Count 9,Count 10,Count 11,Count 12,Count 13,Count 14,Count 15
"1644169054-364","http://www.irelandelection.com/electiondetail.php?elecid=231&constitid=25&electype=1","","","David McGuinness (IA)","7.1%","2991","3081
(90)","3112
(31)","3405
(293)","","null","null","null","null","null","null","null","null","null","null"
"1644169054-368","http://www.irelandelection.com/electiondetail.php?elecid=231&constitid=25&electype=1","","","Jo O'Brien (REN)","1.6%","677","","","","","null","null","null","null","null","null","null","null","null","null"
"1644169054-361","http://www.irelandelection.com/electiondetail.php?elecid=231&constitid=25&electype=1","3","","Jack Chambers (FF)","16.5%","6917","7148
(231)","7236
(88)","7330
(94)","8315
(985)","null","null","null","null","null","null","null","null","null","null"
"1644169054-367","http://www.irelandelection.com/electiondetail.php?elecid=231&constitid=25&electype=1","","","Catherine Noone (FG)","2.6%","1074","1125
(51)","","","","null","null","null","null","null","null","null","null","null","null"
"1644169054-362","http://www.irelandelection.com/electiondetail.php?elecid=231&constitid=25&electype=1","4","","Joan Burton (LAB)","15.4%","6445","6508
(63)","6690
(182)","6769
(79)","8009
(1240)","null","null","null","null","null","null","null","null","null","null"
"1644169054-363","http://www.irelandelection.com/electiondetail.php?elecid=231&constitid=25&electype=1","","","Paul Donnelly (SF)","14.4%","6034","6073
(39)","6093
(20)","6188
(95)","7091
(903)","null","null","null","null","null","null","null","null","null","null"
"1644169054-366","http://www.irelandelection.com/electiondetail.php?elecid=231&constitid=25&electype=1","","","T.J. Clare (IND)","2.6%","1092","1191
(99)","1214
(23)","","","null","null","null","null","null","null","null","null","null","null"
"1644169054-369","http://www.irelandelection.com/electiondetail.php?elecid=231&constitid=25&electype=1","","","Dermot Casey (IND)","0.5%","225","","","","","null","null","null","null","null","null","null","null","null","null"
"1644169054-360","http://www.irelandelection.com/electiondetail.php?elecid=231&constitid=25&electype=1","2","","Ruth Coppinger (SOL-PBP)","15.5%","6520","6626
(106)","6668
(42)","7011
(343)","8548
(1537)","null","null","null","null","null","null","null","null","null","null"
"1644169054-365","http://www.irelandelection.com/electiondetail.php?elecid=231&constitid=25&electype=1","","","Roderic O'Gorman (GP)","4.1%","1730","1839
(109)","1864
(25)","2098
(234)","","null","null","null","null","null","null","null","null","null","null"
"1644169054-359","http://www.irelandelection.com/electiondetail.php?elecid=231&constitid=25&electype=1","1","","Leo Varadkar (FG)","19.7%","8247","8328
(81)","9021
(693)","","","null","null","null","null","null","null","null","null","null","null"
