﻿web-scraper-order,web-scraper-start-url,Seat,Party,Candidate,Share,Count 1,Count 2,Count 3,Count 4,Count 5,Count 6,Count 7,Count 8,Count 9,Count 10,Count 11,Count 12,Count 13,Count 14,Count 15
1644515484-3,http://www.irelandelection.com/electiondetail.php?elecid=231&constitid=24&electype=1,3,,Seán Crowe (SF),10.40%,6974,"6978
(4)","6983
(5)","7054
(71)","7070
(16)","7098
(28)","7230
(132)","7362
(132)","7413
(51)","9502
(2089)","9642
(140)","9959
(317)","11068
(1109)","11082
(14)","11082
(14)"
1644515484-16,http://www.irelandelection.com/electiondetail.php?elecid=231&constitid=24&electype=1,,,Karen Warren (FG),1.60%,1088,"1090
(2)","1096
(6)","1105
(9)",,,,,,,,,,,
1644515484-2,http://www.irelandelection.com/electiondetail.php?elecid=231&constitid=24&electype=1,2,,Paul Murphy (SOL-PBP),13.40%,9005,"9020
(15)","9047
(27)","9194
(147)","9247
(53)","9316
(69)","9626
(310)","9758
(132)","10054
(296)","10366
(312)","10678
(312)","13528
(2850)",,,
1644515484-9,http://www.irelandelection.com/electiondetail.php?elecid=231&constitid=24&electype=1,,,Sandra Fay (SOL-PBP),4.80%,3241,"3244
(3)","3249
(5)","3312
(63)","3324
(12)","3374
(50)","3439
(65)","3492
(53)","3593
(101)","3725
(132)","3832
(107)",,,,
1644515484-14,http://www.irelandelection.com/electiondetail.php?elecid=231&constitid=24&electype=1,,,Eamon Maloney (IND),2.40%,1627,"1628
(1)","1638
(10)","1671
(33)","1722
(51)","1748
(26)",,,,,,,,,
1644515484-10,http://www.irelandelection.com/electiondetail.php?elecid=231&constitid=24&electype=1,,,Ronan McMahon (REN),4.30%,2906,"2912
(6)","2952
(40)","3003
(51)","3026
(23)","3100
(74)","3208
(108)","3258
(50)","3518
(260)","3548
(30)",,,,,
1644515484-6,http://www.irelandelection.com/electiondetail.php?elecid=231&constitid=24&electype=1,,,Anne-Marie Dermody (FG),9.60%,6463,"6467
(4)","6477
(10)","6496
(19)","6779
(283)","6889
(110)","6948
(59)","7087
(139)","7316
(229)","7337
(21)","7793
(456)","7835
(42)","7868
(33)","7911
(43)","7911
(43)"
1644515484-18,http://www.irelandelection.com/electiondetail.php?elecid=231&constitid=24&electype=1,,,Stephen Sinclair (DD),0.50%,359,"375
(16)","385
(10)",,,,,,,,,,,,
1644515484-11,http://www.irelandelection.com/electiondetail.php?elecid=231&constitid=24&electype=1,,,Sarah Holland (SF),3.90%,2616,"2621
(5)","2630
(9)","2667
(37)","2685
(18)","2721
(36)","2764
(43)","2792
(28)","2884
(92)",,,,,,
1644515484-17,http://www.irelandelection.com/electiondetail.php?elecid=231&constitid=24&electype=1,,,Declan Burke (IND),0.80%,515,"525
(10)","561
(36)",,,,,,,,,,,,
1644515484-20,http://www.irelandelection.com/electiondetail.php?elecid=231&constitid=24&electype=1,,,Joan Summerville-Molloy (IND),0.20%,112,,,,,,,,,,,,,,
1644515484-19,http://www.irelandelection.com/electiondetail.php?elecid=231&constitid=24&electype=1,,,Kieran Adam Quigley (IND),0.50%,317,"329
(12)",,,,,,,,,,,,,
1644515484-7,http://www.irelandelection.com/electiondetail.php?elecid=231&constitid=24&electype=1,,,Peter Fitzpatrick (IND),4.20%,2812,"2829
(17)","2866
(37)","3064
(198)","3094
(30)","3210
(116)","3353
(143)","3433
(80)","3742
(309)","3799
(57)","4163
(364)","4332
(169)","4632
(300)","4677
(45)","4677
(45)"
1644515484-4,http://www.irelandelection.com/electiondetail.php?elecid=231&constitid=24&electype=1,4,,Colm Brophy (FG),10.70%,7195,"7202
(7)","7213
(11)","7235
(22)","7576
(341)","7660
(84)","7758
(98)","8028
(270)","8193
(165)","8213
(20)","8655
(442)","8695
(40)","8724
(29)","8764
(40)","8764
(40)"
1644515484-1,http://www.irelandelection.com/electiondetail.php?elecid=231&constitid=24&electype=1,1,,John Lahart (FF),14.30%,9647,"9655
(8)","9678
(23)","9725
(47)","9772
(47)","9892
(120)","10045
(153)","10160
(115)","10506
(346)","10565
(59)","11402
(837)",,,,
1644515484-13,http://www.irelandelection.com/electiondetail.php?elecid=231&constitid=24&electype=1,,,Mick Duff (LAB),2.60%,1743,"1743
(0)","1749
(6)","1776
(27)","1871
(95)","1947
(76)","2120
(173)",,,,,,,,
1644515484-12,http://www.irelandelection.com/electiondetail.php?elecid=231&constitid=24&electype=1,,,Deirdre O'Donovan (IA),3.30%,2197,"2220
(23)","2261
(41)","2308
(47)","2326
(18)","2411
(85)","2534
(123)","2571
(37)",,,,,,,
1644515484-21,http://www.irelandelection.com/electiondetail.php?elecid=231&constitid=24&electype=1,,,Frank O'Gorman (IND),0.10%,59,,,,,,,,,,,,,,
1644515484-5,http://www.irelandelection.com/electiondetail.php?elecid=231&constitid=24&electype=1,5,,Katherine Zappone (IND),6.60%,4463,"4486
(23)","4515
(29)","4604
(89)","4660
(56)","4913
(253)","5131
(218)","5262
(131)","5731
(469)","5797
(66)","6129
(332)","6294
(165)","6724
(430)","6753
(29)","6753
(29)"
1644515484-8,http://www.irelandelection.com/electiondetail.php?elecid=231&constitid=24&electype=1,,,Pamela Kearns (LAB),3.90%,2635,"2640
(5)","2646
(6)","2658
(12)","2700
(42)","2883
(183)","2936
(53)","3796
(860)","3902
(106)","3933
(31)","4099
(166)","4116
(17)","4163
(47)","4182
(19)","4182
(19)"
1644515484-15,http://www.irelandelection.com/electiondetail.php?elecid=231&constitid=24&electype=1,,,Francis Duffy (GP),1.90%,1297,"1303
(6)","1307
(4)","1332
(25)","1337
(5)",,,,,,,,,,
