﻿web-scraper-order,web-scraper-start-url,Seat,Party,Candidate,Share,Count 1,Count 2,Count 3,Count 4,Count 5,Count 6,Count 7,Count 8,Count 9,Count 10,Count 11,Count 12,Count 13,Count 14,Count 15
"1644168928-312","http://www.irelandelection.com/electiondetail.php?elecid=231&constitid=19&electype=1","","","Andrew Keegan (SOL-PBP)","3.9%","1434","1603
(169)","1865
(262)","2067
(202)","2525
(458)","","","","","null","null","null","null","null","null"
"1644168928-308","http://www.irelandelection.com/electiondetail.php?elecid=231&constitid=19&electype=1","3","","Noel Rock (FG)","12.5%","4642","4841
(199)","4878
(37)","5072
(194)","5102
(30)","5247
(145)","5287
(40)","5431
(144)","7563
(2132)","null","null","null","null","null","null"
"1644168928-311","http://www.irelandelection.com/electiondetail.php?elecid=231&constitid=19&electype=1","","","Cathleen Carney Boud (SF)","6.6%","2437","2507
(70)","2572
(65)","2642
(70)","2783
(141)","3325
(542)","","","","null","null","null","null","null","null"
"1644168928-310","http://www.irelandelection.com/electiondetail.php?elecid=231&constitid=19&electype=1","","","John Lyons (LAB)","7.4%","2750","2956
(206)","3038
(82)","3339
(301)","3420
(81)","3739
(319)","3852
(113)","4281
(429)","","null","null","null","null","null","null"
"1644168928-313","http://www.irelandelection.com/electiondetail.php?elecid=231&constitid=19&electype=1","","","Bernie Hughes (IND)","3.0%","1120","1182
(62)","1346
(164)","1455
(109)","","","","","","null","null","null","null","null","null"
"1644168928-307","http://www.irelandelection.com/electiondetail.php?elecid=231&constitid=19&electype=1","2","","Dessie Ellis (SF)","20.5%","7571","7724
(153)","7847
(123)","7884
(37)","8358
(474)","8924
(566)","11638
(2714)","","","null","null","null","null","null","null"
"1644168928-316","http://www.irelandelection.com/electiondetail.php?elecid=231&constitid=19&electype=1","","","Cormac McKay (DD)","0.4%","158","188
(30)","","","","","","","","null","null","null","null","null","null"
"1644168928-315","http://www.irelandelection.com/electiondetail.php?elecid=231&constitid=19&electype=1","","","Jimmy Dignam (WP)","1.9%","692","763
(71)","","","","","","","","null","null","null","null","null","null"
"1644168928-314","http://www.irelandelection.com/electiondetail.php?elecid=231&constitid=19&electype=1","","","Caroline Conroy (GP)","2.5%","915","1030
(115)","1120
(90)","","","","","","","null","null","null","null","null","null"
"1644168928-306","http://www.irelandelection.com/electiondetail.php?elecid=231&constitid=19&electype=1","1","","Róisín Shortall (SD)","28.5%","10540","","","","","","","","","null","null","null","null","null","null"
"1644168928-309","http://www.irelandelection.com/electiondetail.php?elecid=231&constitid=19&electype=1","","","Paul McAuliffe (FF)","12.8%","4750","4962
(212)","5018
(56)","5124
(106)","5207
(83)","5401
(194)","5514
(113)","5941
(427)","6907
(966)","null","null","null","null","null","null"
