﻿web-scraper-order,web-scraper-start-url,Seat,Party,Candidate,Share,Count 1,Count 2,Count 3,Count 4,Count 5,Count 6,Count 7,Count 8,Count 9,Count 10,Count 11,Count 12,Count 13,Count 14,Count 15
"1644168521-191","http://www.irelandelection.com/electiondetail.php?elecid=231&constitid=11&electype=1","","","Aodhán Ó Ríordáin (LAB)","7.7%","5675","5683
(8)","5701
(18)","5920
(219)","5932
(12)","6183
(251)","6201
(18)","6581
(380)","7057
(476)","7299
(242)","7320
(21)","7544
(224)","8547
(1003)","9947
(1400)","9947
(1400)"
"1644168521-190","http://www.irelandelection.com/electiondetail.php?elecid=231&constitid=11&electype=1","5","","Finian McGrath (IA)","8.0%","5878","5913
(35)","5990
(77)","6075
(85)","6150
(75)","6213
(63)","6321
(108)","6396
(75)","6450
(54)","6828
(378)","6930
(102)","7353
(423)","8069
(716)","9553
(1484)","9553
(1484)"
"1644168521-192","http://www.irelandelection.com/electiondetail.php?elecid=231&constitid=11&electype=1","","","John Lyons (SOL-PBP)","6.0%","4409","4455
(46)","4532
(77)","4600
(68)","4981
(381)","5002
(21)","6475
(1473)","6494
(19)","6497
(3)","6682
(185)","7116
(434)","7209
(93)","7760
(551)","8476
(716)","8476
(716)"
"1644168521-203","http://www.irelandelection.com/electiondetail.php?elecid=231&constitid=11&electype=1","","","Jimmy Guerin (IND)","1.0%","756","782
(26)","","","","","","","","","","","","",""
"1644168521-199","http://www.irelandelection.com/electiondetail.php?elecid=231&constitid=11&electype=1","","","Michael O'Brien (SOL-PBP)","3.0%","2236","2253
(17)","2271
(18)","2282
(11)","2559
(277)","2562
(3)","","","","","","","","",""
"1644168521-201","http://www.irelandelection.com/electiondetail.php?elecid=231&constitid=11&electype=1","","","Damien O'Neill (IND)","2.0%","1446","1470
(24)","1506
(36)","1517
(11)","","","","","","","","","","",""
"1644168521-198","http://www.irelandelection.com/electiondetail.php?elecid=231&constitid=11&electype=1","","","Naoise Ó Muirí (FG)","3.9%","2868","2870
(2)","2875
(5)","2905
(30)","2908
(3)","3376
(468)","3381
(5)","","","","","","","",""
"1644168521-202","http://www.irelandelection.com/electiondetail.php?elecid=231&constitid=11&electype=1","","","Donna Cooney (GP)","1.4%","1024","1038
(14)","1055
(17)","","","","","","","","","","","",""
"1644168521-186","http://www.irelandelection.com/electiondetail.php?elecid=231&constitid=11&electype=1","1","","Richard Bruton (FG)","13.3%","9792","9804
(12)","9860
(56)","9924
(64)","9934
(10)","10568
(634)","10578
(10)","13092
(2514)","","","","","","",""
"1644168521-197","http://www.irelandelection.com/electiondetail.php?elecid=231&constitid=11&electype=1","","","Terence Flanagan (REN)","4.4%","3205","3273
(68)","3302
(29)","3348
(46)","3372
(24)","3418
(46)","3462
(44)","3525
(63)","3588
(63)","","","","","",""
"1644168521-188","http://www.irelandelection.com/electiondetail.php?elecid=231&constitid=11&electype=1","3","","Tommy Broughan (I4C)","7.3%","5361","5398
(37)","5511
(113)","5578
(67)","5778
(200)","5856
(78)","6038
(182)","6065
(27)","6099
(34)","6583
(484)","6823
(240)","7003
(180)","7735
(732)","9477
(1742)","9477
(1742)"
"1644168521-200","http://www.irelandelection.com/electiondetail.php?elecid=231&constitid=11&electype=1","","","Stephanie Regan (FG)","2.5%","1857","1865
(8)","1883
(18)","1939
(56)","1957
(18)","","","","","","","","","",""
"1644168521-196","http://www.irelandelection.com/electiondetail.php?elecid=231&constitid=11&electype=1","","","Mícheál Mac Donncha (SF)","4.8%","3527","3540
(13)","3563
(23)","3576
(13)","3663
(87)","3668
(5)","3787
(119)","3790
(3)","3791
(1)","3850
(59)","","","","",""
"1644168521-204","http://www.irelandelection.com/electiondetail.php?elecid=231&constitid=11&electype=1","","","Paul Clarke (IND)","0.4%","306","","","","","","","","","","","","","",""
"1644168521-205","http://www.irelandelection.com/electiondetail.php?elecid=231&constitid=11&electype=1","","","Proinsias Ó Conaráin (IND)","0.1%","104","","","","","","","","","","","","","",""
"1644168521-187","http://www.irelandelection.com/electiondetail.php?elecid=231&constitid=11&electype=1","2","","Seán Haughey (FF)","10.9%","8007","8029
(22)","8094
(65)","8123
(29)","8157
(34)","8189
(32)","8232
(43)","8293
(61)","8345
(52)","9311
(966)","9378
(67)","11659
(2281)","11956
(297)","12754
(798)","12754
(798)"
"1644168521-195","http://www.irelandelection.com/electiondetail.php?elecid=231&constitid=11&electype=1","","","Deirdre Heney (FF)","4.6%","3360","3376
(16)","3408
(32)","3448
(40)","3458
(10)","3498
(40)","3514
(16)","3577
(63)","3619
(42)","3943
(324)","3974
(31)","","","",""
"1644168521-193","http://www.irelandelection.com/electiondetail.php?elecid=231&constitid=11&electype=1","","","Averil Power (IND)","6.7%","4911","4934
(23)","5052
(118)","5145
(93)","5294
(149)","5529
(235)","5678
(149)","5768
(90)","5828
(60)","6237
(409)","6338
(101)","6674
(336)","7668
(994)","",""
"1644168521-189","http://www.irelandelection.com/electiondetail.php?elecid=231&constitid=11&electype=1","4","","Denise Mitchell (SF)","6.8%","5039","5051
(12)","5067
(16)","5081
(14)","5247
(166)","5255
(8)","5510
(255)","5515
(5)","5517
(2)","5573
(56)","8281
(2708)","8386
(105)","8596
(210)","9047
(451)","9047
(451)"
"1644168521-194","http://www.irelandelection.com/electiondetail.php?elecid=231&constitid=11&electype=1","","","Cian O'Callaghan (SD)","5.2%","3864","3875
(11)","3909
(34)","4093
(184)","4128
(35)","4179
(51)","4261
(82)","4313
(52)","4347
(34)","4587
(240)","4637
(50)","4796
(159)","","",""
