﻿web-scraper-order,web-scraper-start-url,Seat,Party,Candidate,Share,Count 1,Count 2,Count 3,Count 4,Count 5,Count 6,Count 7,Count 8,Count 9,Count 10,Count 11,Count 12,Count 13,Count 14,Count 15
"1644168956-319","http://www.irelandelection.com/electiondetail.php?elecid=231&constitid=20&electype=1","3","","Catherine Martin (GP)","10.0%","4122","4314
(192)","4812
(498)","6105
(1293)","7255
(1150)","9421
(2166)","null","null","null","null","null","null","null","null","null"
"1644168956-325","http://www.irelandelection.com/electiondetail.php?elecid=231&constitid=20&electype=1","","","Alan Daveron (REN)","2.6%","1055","","","","","","null","null","null","null","null","null","null","null","null"
"1644168956-324","http://www.irelandelection.com/electiondetail.php?elecid=231&constitid=20&electype=1","","","Peter Mathews (IND)","4.9%","2021","2241
(220)","","","","","null","null","null","null","null","null","null","null","null"
"1644168956-318","http://www.irelandelection.com/electiondetail.php?elecid=231&constitid=20&electype=1","2","","Josepha Madigan (FG)","16.2%","6668","6835
(167)","7180
(345)","7290
(110)","8579
(1289)","9488
(909)","null","null","null","null","null","null","null","null","null"
"1644168956-321","http://www.irelandelection.com/electiondetail.php?elecid=231&constitid=20&electype=1","","","Mary White (FF)","10.3%","4220","4325
(105)","4761
(436)","5165
(404)","5463
(298)","","null","null","null","null","null","null","null","null","null"
"1644168956-317","http://www.irelandelection.com/electiondetail.php?elecid=231&constitid=20&electype=1","1","","Shane Ross (IA)","24.8%","10202","10411
(209)","","","","","null","null","null","null","null","null","null","null","null"
"1644168956-320","http://www.irelandelection.com/electiondetail.php?elecid=231&constitid=20&electype=1","","","Alan Shatter (FG)","14.4%","5905","5979
(74)","6195
(216)","6268
(73)","7745
(1477)","8444
(699)","null","null","null","null","null","null","null","null","null"
"1644168956-322","http://www.irelandelection.com/electiondetail.php?elecid=231&constitid=20&electype=1","","","Alex White (LAB)","9.8%","4048","4080
(32)","4258
(178)","4436
(178)","","","null","null","null","null","null","null","null","null","null"
"1644168956-323","http://www.irelandelection.com/electiondetail.php?elecid=231&constitid=20&electype=1","","","Sorcha Nic Cormaic (SF)","7.0%","2858","2896
(38)","3076
(180)","","","","null","null","null","null","null","null","null","null","null"
