﻿web-scraper-order,web-scraper-start-url,Seat,Party,Candidate,Share,Count 1,Count 2,Count 3,Count 4,Count 5,Count 6,Count 7,Count 8,Count 9,Count 10,Count 11,Count 12,Count 13,Count 14,Count 15
"1644169086-381","http://www.irelandelection.com/electiondetail.php?elecid=231&constitid=26&electype=1","","","Raymond Whitehead (DD)","0.4%","213","","","","","","","null","null","null","null","null","null","null","null"
"1644169086-379","http://www.irelandelection.com/electiondetail.php?elecid=231&constitid=26&electype=1","","","Shane O'Brien (SF)","5.3%","3167","3209
(42)","","","","","","null","null","null","null","null","null","null","null"
"1644169086-370","http://www.irelandelection.com/electiondetail.php?elecid=231&constitid=26&electype=1","1","","Sean Barrett (FG)","n/a","","","","","","","","null","null","null","null","null","null","null","null"
"1644169086-377","http://www.irelandelection.com/electiondetail.php?elecid=231&constitid=26&electype=1","","","Ossian Smyth (GP)","5.9%","3478","3677
(199)","3833
(156)","4750
(917)","","","","null","null","null","null","null","null","null","null"
"1644169086-372","http://www.irelandelection.com/electiondetail.php?elecid=231&constitid=26&electype=1","3","","Maria Bailey (FG)","17.7%","10489","10882
(393)","10934
(52)","11270
(336)","11854
(584)","12422
(568)","15198
(2776)","null","null","null","null","null","null","null","null"
"1644169086-375","http://www.irelandelection.com/electiondetail.php?elecid=231&constitid=26&electype=1","","","Carrie Smyth (LAB)","8.8%","5192","5296
(104)","5385
(89)","5739
(354)","6895
(1156)","7165
(270)","","null","null","null","null","null","null","null","null"
"1644169086-378","http://www.irelandelection.com/electiondetail.php?elecid=231&constitid=26&electype=1","","","Carol Hunt (IA)","5.3%","3152","3410
(258)","3610
(200)","","","","","null","null","null","null","null","null","null","null"
"1644169086-373","http://www.irelandelection.com/electiondetail.php?elecid=231&constitid=26&electype=1","4","","Mary Mitchell-O'Connor (FG)","18.3%","10817","11088
(271)","11130
(42)","11433
(303)","11967
(534)","12393
(426)","14941
(2548)","null","null","null","null","null","null","null","null"
"1644169086-374","http://www.irelandelection.com/electiondetail.php?elecid=231&constitid=26&electype=1","","","Mary Hanafin (FF)","10.9%","6478","6709
(231)","6792
(83)","6986
(194)","7290
(304)","10221
(2931)","10969
(748)","null","null","null","null","null","null","null","null"
"1644169086-371","http://www.irelandelection.com/electiondetail.php?elecid=231&constitid=26&electype=1","2","","Richard Boyd Barrett (SOL-PBP)","16.5%","9775","10008
(233)","12215
(2207)","13287
(1072)","14761
(1474)","15718
(957)","","null","null","null","null","null","null","null","null"
"1644169086-376","http://www.irelandelection.com/electiondetail.php?elecid=231&constitid=26&electype=1","","","Cormac Devlin (FF)","7.9%","4665","4877
(212)","5055
(178)","5265
(210)","5564
(299)","","","null","null","null","null","null","null","null","null"
"1644169086-380","http://www.irelandelection.com/electiondetail.php?elecid=231&constitid=26&electype=1","","","Frank Cronin (REN)","3.1%","1812","","","","","","","null","null","null","null","null","null","null","null"
