﻿web-scraper-order,web-scraper-start-url,Seat,Party,Candidate,Share,Count 1,Count 2,Count 3,Count 4,Count 5,Count 6,Count 7,Count 8,Count 9,Count 10,Count 11,Count 12,Count 13,Count 14,Count 15
"1644168595-229","http://www.irelandelection.com/electiondetail.php?elecid=231&constitid=13&electype=1","","","Ian Noel Smyth (GP)","2.7%","644","651
(7)","674
(23)","696
(22)","","","","","","","","null","null","null","null"
"1644168595-227","http://www.irelandelection.com/electiondetail.php?elecid=231&constitid=13&electype=1","","","Cieran Perry (IND)","5.2%","1242","1258
(16)","1294
(36)","1309
(15)","1333
(24)","1492
(159)","","","","","","null","null","null","null"
"1644168595-224","http://www.irelandelection.com/electiondetail.php?elecid=231&constitid=13&electype=1","","","Christy Burke (IND)","10.2%","2406","2411
(5)","2418
(7)","2440
(22)","2452
(12)","2503
(51)","2822
(319)","3066
(244)","3083
(17)","3658
(575)","","null","null","null","null"
"1644168595-222","http://www.irelandelection.com/electiondetail.php?elecid=231&constitid=13&electype=1","3","","Maureen O'Sullivan (IND)","8.4%","1990","2009
(19)","2058
(49)","2085
(27)","2181
(96)","2377
(196)","2792
(415)","3181
(389)","3214
(33)","3923
(709)","5269
(1346)","null","null","null","null"
"1644168595-223","http://www.irelandelection.com/electiondetail.php?elecid=231&constitid=13&electype=1","","","Gary Gannon (SD)","9.7%","2307","2327
(20)","2387
(60)","2411
(24)","2601
(190)","2832
(231)","3117
(285)","3514
(397)","3549
(35)","3931
(382)","4948
(1017)","null","null","null","null"
"1644168595-234","http://www.irelandelection.com/electiondetail.php?elecid=231&constitid=13&electype=1","","","William DJ Gorman (IND)","0.1%","27","","","","","","","","","","","null","null","null","null"
"1644168595-228","http://www.irelandelection.com/electiondetail.php?elecid=231&constitid=13&electype=1","","","Diana O'Dwyer (SOL-PBP)","3.0%","721","749
(28)","830
(81)","845
(15)","909
(64)","","","","","","","null","null","null","null"
"1644168595-220","http://www.irelandelection.com/electiondetail.php?elecid=231&constitid=13&electype=1","1","","Mary Lou McDonald (SF)","24.4%","5770","5780
(10)","5806
(26)","5825
(19)","5854
(29)","6016
(162)","","","","","","null","null","null","null"
"1644168595-231","http://www.irelandelection.com/electiondetail.php?elecid=231&constitid=13&electype=1","","","Éilis Ryan (WP)","1.3%","303","316
(13)","","","","","","","","","","null","null","null","null"
"1644168595-225","http://www.irelandelection.com/electiondetail.php?elecid=231&constitid=13&electype=1","","","Mary Fitzpatrick (FF)","10.6%","2508","2510
(2)","2517
(7)","2601
(84)","2632
(31)","2655
(23)","2810
(155)","2978
(168)","2984
(6)","","","null","null","null","null"
"1644168595-230","http://www.irelandelection.com/electiondetail.php?elecid=231&constitid=13&electype=1","","","Jacqui Gilbourne (REN)","1.4%","330","339
(9)","339
(0)","","","","","","","","","null","null","null","null"
"1644168595-233","http://www.irelandelection.com/electiondetail.php?elecid=231&constitid=13&electype=1","","","Kerry Guinan (IND)","0.2%","58","","","","","","","","","","","null","null","null","null"
"1644168595-221","http://www.irelandelection.com/electiondetail.php?elecid=231&constitid=13&electype=1","2","","Paschal Donohoe (FG)","13.6%","3226","3228
(2)","3231
(3)","3276
(45)","3393
(117)","3405
(12)","3480
(75)","4478
(998)","4481
(3)","5127
(646)","5447
(320)","null","null","null","null"
"1644168595-226","http://www.irelandelection.com/electiondetail.php?elecid=231&constitid=13&electype=1","","","Joe Costello (LAB)","8.8%","2092","2102
(10)","2121
(19)","2132
(11)","2245
(113)","2281
(36)","2345
(64)","","","","","null","null","null","null"
"1644168595-232","http://www.irelandelection.com/electiondetail.php?elecid=231&constitid=13&electype=1","","","Cormac McKay (DD)","0.3%","62","","","","","","","","","","","null","null","null","null"
