﻿web-scraper-order,web-scraper-start-url,Seat,Party,Candidate,Share,Count 1,Count 2,Count 3,Count 4,Count 5,Count 6,Count 7,Count 8,Count 9,Count 10,Count 11,Count 12,Count 13,Count 14,Count 15
"1644169217-392","http://www.irelandelection.com/electiondetail.php?elecid=231&constitid=28&electype=1","1","","Éamon Ó Cuív (FF)","14.8%","9539","9574
(35)","9679
(105)","9701
(22)","9763
(62)","10022
(259)","10079
(57)","10175
(96)","11103
(928)","","","","","",""
"1644169217-402","http://www.irelandelection.com/electiondetail.php?elecid=231&constitid=28&electype=1","","","Mary Hoade (FF)","3.4%","2205","2213
(8)","2248
(35)","2254
(6)","2549
(295)","2636
(87)","2644
(8)","2673
(29)","","","","","","",""
"1644169217-394","http://www.irelandelection.com/electiondetail.php?elecid=231&constitid=28&electype=1","3","","Sean Kyne (FG)","9.5%","6136","6148
(12)","6232
(84)","6245
(13)","6292
(47)","6355
(63)","6444
(89)","6506
(62)","6587
(81)","7201
(614)","7209
(8)","7656
(447)","8171
(515)","10590
(2419)","10590
(2419)"
"1644169217-395","http://www.irelandelection.com/electiondetail.php?elecid=231&constitid=28&electype=1","4","","Catherine Connolly (IND)","7.6%","4877","4909
(32)","4982
(73)","5178
(196)","5325
(147)","5450
(125)","5818
(368)","6330
(512)","6461
(131)","7123
(662)","7138
(15)","8877
(1739)","9842
(965)","10239
(397)","10239
(397)"
"1644169217-406","http://www.irelandelection.com/electiondetail.php?elecid=231&constitid=28&electype=1","","","James Charity (IND)","1.8%","1171","1188
(17)","1227
(39)","1267
(40)","","","","","","","","","","",""
"1644169217-410","http://www.irelandelection.com/electiondetail.php?elecid=231&constitid=28&electype=1","","","Ruairí O'Neill (DD)","0.2%","152","","","","","","","","","","","","","",""
"1644169217-399","http://www.irelandelection.com/electiondetail.php?elecid=231&constitid=28&electype=1","","","John Connolly (FF)","6.0%","3885","3901
(16)","3951
(50)","3973
(22)","4019
(46)","4160
(141)","4203
(43)","4351
(148)","4873
(522)","5059
(186)","5304
(245)","5614
(310)","","",""
"1644169217-404","http://www.irelandelection.com/electiondetail.php?elecid=231&constitid=28&electype=1","","","Séamus Sheridan (GP)","2.5%","1588","1617
(29)","1667
(50)","1755
(88)","1779
(24)","1813
(34)","","","","","","","","",""
"1644169217-409","http://www.irelandelection.com/electiondetail.php?elecid=231&constitid=28&electype=1","","","Tommy Roddy (IND)","0.4%","251","","","","","","","","","","","","","",""
"1644169217-400","http://www.irelandelection.com/electiondetail.php?elecid=231&constitid=28&electype=1","","","Niall Ó Tuathail (SD)","5.4%","3455","3488
(33)","3566
(78)","3734
(168)","3803
(69)","3850
(47)","4344
(494)","4674
(330)","4725
(51)","5269
(544)","5278
(9)","","","",""
"1644169217-393","http://www.irelandelection.com/electiondetail.php?elecid=231&constitid=28&electype=1","2","","Noel Grealish (IND)","11.2%","7187","7208
(21)","7308
(100)","7359
(51)","7522
(163)","7945
(423)","8020
(75)","8461
(441)","8830
(369)","9136
(306)","9186
(50)","9711
(525)","11073
(1362)","",""
"1644169217-403","http://www.irelandelection.com/electiondetail.php?elecid=231&constitid=28&electype=1","","","Mike Cubbard (IND)","3.3%","2122","2146
(24)","2166
(20)","2309
(143)","2390
(81)","2436
(46)","2533
(97)","","","","","","","",""
"1644169217-407","http://www.irelandelection.com/electiondetail.php?elecid=231&constitid=28&electype=1","","","Tommy Holohan (SOL-PBP)","1.6%","1017","1047
(30)","1071
(24)","","","","","","","","","","","",""
"1644169217-401","http://www.irelandelection.com/electiondetail.php?elecid=231&constitid=28&electype=1","","","Derek Nolan (LAB)","5.0%","3220","3233
(13)","3261
(28)","3300
(39)","3332
(32)","3380
(48)","3624
(244)","3737
(113)","3787
(50)","","","","","",""
"1644169217-408","http://www.irelandelection.com/electiondetail.php?elecid=231&constitid=28&electype=1","","","Nicola Daveron (REN)","1.5%","994","1025
(31)","","","","","","","","","","","","",""
"1644169217-396","http://www.irelandelection.com/electiondetail.php?elecid=231&constitid=28&electype=1","5","","Hildegarde Naughton (FG)","7.1%","4567","4582
(15)","4676
(94)","4691
(15)","4759
(68)","4964
(205)","5097
(133)","5175
(78)","5298
(123)","6083
(785)","6094
(11)","6626
(532)","7024
(398)","9129
(2105)","9129
(2105)"
"1644169217-411","http://www.irelandelection.com/electiondetail.php?elecid=231&constitid=28&electype=1","","","Patrick Feeney (IND)","0.0%","22","","","","","","","","","","","","","",""
"1644169217-405","http://www.irelandelection.com/electiondetail.php?elecid=231&constitid=28&electype=1","","","Fidelma Healy-Eames (IND)","2.2%","1394","1445
(51)","1594
(149)","1620
(26)","1657
(37)","","","","","","","","","",""
"1644169217-398","http://www.irelandelection.com/electiondetail.php?elecid=231&constitid=28&electype=1","","","John O'Mahony (FG)","7.4%","4734","4744
(10)","4788
(44)","4795
(7)","4859
(64)","4915
(56)","4965
(50)","4996
(31)","5222
(226)","5551
(329)","5591
(40)","5852
(261)","6122
(270)","",""
"1644169217-397","http://www.irelandelection.com/electiondetail.php?elecid=231&constitid=28&electype=1","","","Trevor Ó Clochartaigh (SF)","9.0%","5755","5788
(33)","5815
(27)","6017
(202)","6108
(91)","6162
(54)","6261
(99)","6661
(400)","6721
(60)","6833
(112)","6846
(13)","7468
(622)","7911
(443)","8077
(166)","8077
(166)"
