﻿web-scraper-order,web-scraper-start-url,Seat,Party,Candidate,Share,Count 1,Count 2,Count 3,Count 4,Count 5,Count 6,Count 7,Count 8,Count 9,Count 10,Count 11,Count 12,Count 13,Count 14,Count 15
"1644169176-383","http://www.irelandelection.com/electiondetail.php?elecid=231&constitid=27&electype=1","2","","Anne Rabbitte (FF)","15.3%","6928","6995
(67)","7566
(571)","7966
(400)","8791
(825)","12255
(3464)","","null","null","null","null","null","null","null","null"
"1644169176-387","http://www.irelandelection.com/electiondetail.php?elecid=231&constitid=27&electype=1","","","Lorraine Higgins (LAB)","10.0%","4531","4792
(261)","5080
(288)","5470
(390)","","","","null","null","null","null","null","null","null","null"
"1644169176-391","http://www.irelandelection.com/electiondetail.php?elecid=231&constitid=27&electype=1","","","Aengus Melia (DD)","1.1%","489","","","","","","","null","null","null","null","null","null","null","null"
"1644169176-389","http://www.irelandelection.com/electiondetail.php?elecid=231&constitid=27&electype=1","","","Michael Fahy (IND)","5.2%","2358","2418
(60)","","","","","","null","null","null","null","null","null","null","null"
"1644169176-384","http://www.irelandelection.com/electiondetail.php?elecid=231&constitid=27&electype=1","3","","Ciarán Cannon (FG)","15.7%","7123","7220
(97)","7650
(430)","7812
(162)","9519
(1707)","9920
(401)","10157
(237)","null","null","null","null","null","null","null","null"
"1644169176-382","http://www.irelandelection.com/electiondetail.php?elecid=231&constitid=27&electype=1","1","","Seán Canney (IA)","18.7%","8447","8713
(266)","9072
(359)","10196
(1124)","10969
(773)","12707
(1738)","","null","null","null","null","null","null","null","null"
"1644169176-385","http://www.irelandelection.com/electiondetail.php?elecid=231&constitid=27&electype=1","","","Paul Connaughton, Jnr (FG)","14.3%","6474","6536
(62)","6689
(153)","6812
(123)","7866
(1054)","8361
(495)","8853
(492)","null","null","null","null","null","null","null","null"
"1644169176-388","http://www.irelandelection.com/electiondetail.php?elecid=231&constitid=27&electype=1","","","Annemarie Roche (SF)","5.9%","2683","2966
(283)","3159
(193)","","","","","null","null","null","null","null","null","null","null"
"1644169176-390","http://www.irelandelection.com/electiondetail.php?elecid=231&constitid=27&electype=1","","","Mairéad Ni Chróinín (GP)","1.7%","769","","","","","","","null","null","null","null","null","null","null","null"
"1644169176-386","http://www.irelandelection.com/electiondetail.php?elecid=231&constitid=27&electype=1","","","Colm Keaveney (FF)","12.0%","5436","5511
(75)","5823
(312)","6127
(304)","6700
(573)","","","null","null","null","null","null","null","null","null"
