﻿web-scraper-order,web-scraper-start-url,Seat,Party,Candidate,Share,Count 1,Count 2,Count 3,Count 4,Count 5,Count 6,Count 7,Count 8,Count 9,Count 10,Count 11,Count 12,Count 13,Count 14,Count 15
"1644169245-416","http://www.irelandelection.com/electiondetail.php?elecid=231&constitid=53&electype=1","5","","John Brassil (FF)","10.3%","8156","8642
(486)","8719
(77)","8764
(45)","8957
(193)","9005
(48)","9137
(132)","9242
(105)","9495
(253)","11955
(2460)","12792
(837)","null","null","null","null"
"1644169245-420","http://www.irelandelection.com/electiondetail.php?elecid=231&constitid=53&electype=1","","","Michael O'Gorman (IND)","1.6%","1236","1364
(128)","1380
(16)","1487
(107)","1529
(42)","1536
(7)","1589
(53)","1674
(85)","","","","null","null","null","null"
"1644169245-426","http://www.irelandelection.com/electiondetail.php?elecid=231&constitid=53&electype=1","","","Kevin Murphy (IND)","0.6%","464","491
(27)","505
(14)","","","","","","","","","null","null","null","null"
"1644169245-418","http://www.irelandelection.com/electiondetail.php?elecid=231&constitid=53&electype=1","","","Arthur Spring (LAB)","6.1%","4813","5011
(198)","5036
(25)","5067
(31)","5093
(26)","5281
(188)","5356
(75)","5601
(245)","5877
(276)","6139
(262)","","null","null","null","null"
"1644169245-422","http://www.irelandelection.com/electiondetail.php?elecid=231&constitid=53&electype=1","","","Michael Fitzgerald (GP)","1.3%","1011","1050
(39)","1059
(9)","1085
(26)","1123
(38)","1135
(12)","1222
(87)","","","","","null","null","null","null"
"1644169245-415","http://www.irelandelection.com/electiondetail.php?elecid=231&constitid=53&electype=1","4","","Martin Ferris (SF)","11.9%","9458","10098
(640)","10214
(116)","10321
(107)","10364
(43)","10418
(54)","10490
(72)","10583
(93)","11722
(1139)","12184
(462)","12964
(780)","null","null","null","null"
"1644169245-414","http://www.irelandelection.com/electiondetail.php?elecid=231&constitid=53&electype=1","3","","Brendan Griffin (FG)","12.2%","9674","10381
(707)","10520
(139)","10608
(88)","10661
(53)","10872
(211)","10999
(127)","11223
(224)","11396
(173)","12545
(1149)","14050
(1505)","null","null","null","null"
"1644169245-412","http://www.irelandelection.com/electiondetail.php?elecid=231&constitid=53&electype=1","1","","Michael Healy-Rae (IND)","25.7%","20378","","","","","","","","","","","null","null","null","null"
"1644169245-427","http://www.irelandelection.com/electiondetail.php?elecid=231&constitid=53&electype=1","","","Henry Gaynor (IND)","0.2%","147","155
(8)","158
(3)","","","","","","","","","null","null","null","null"
"1644169245-419","http://www.irelandelection.com/electiondetail.php?elecid=231&constitid=53&electype=1","","","Norma Moriarty (FF)","5.5%","4348","4893
(545)","5012
(119)","5032
(20)","5081
(49)","5114
(33)","5172
(58)","5252
(80)","5392
(140)","","","null","null","null","null"
"1644169245-423","http://www.irelandelection.com/electiondetail.php?elecid=231&constitid=53&electype=1","","","Donal Corcoran (REN)","0.9%","716","769
(53)","780
(11)","801
(21)","886
(85)","900
(14)","","","","","","null","null","null","null"
"1644169245-417","http://www.irelandelection.com/electiondetail.php?elecid=231&constitid=53&electype=1","","","Jimmy Deenihan (FG)","8.2%","6489","6827
(338)","6872
(45)","6901
(29)","6944
(43)","7168
(224)","7257
(89)","7326
(69)","7630
(304)","7849
(219)","9779
(1930)","null","null","null","null"
"1644169245-424","http://www.irelandelection.com/electiondetail.php?elecid=231&constitid=53&electype=1","","","Grace O'Donnell (FG)","1.0%","776","817
(41)","827
(10)","836
(9)","854
(18)","","","","","","","null","null","null","null"
"1644169245-413","http://www.irelandelection.com/electiondetail.php?elecid=231&constitid=53&electype=1","2","","Danny Healy-Rae (IND)","12.6%","9991","13826
(3835)","","","","","","","","","","null","null","null","null"
"1644169245-425","http://www.irelandelection.com/electiondetail.php?elecid=231&constitid=53&electype=1","","","Mary E Fitzgibbon (IND)","0.8%","635","690
(55)","707
(17)","752
(45)","","","","","","","","null","null","null","null"
"1644169245-421","http://www.irelandelection.com/electiondetail.php?elecid=231&constitid=53&electype=1","","","Brian Finucane (SOL-PBP)","1.2%","981","1046
(65)","1058
(12)","1129
(71)","1161
(32)","1169
(8)","1261
(92)","1429
(168)","","","","null","null","null","null"
