﻿web-scraper-order,web-scraper-start-url,Seat,Party,Candidate,Share,Count 1,Count 2,Count 3,Count 4,Count 5,Count 6,Count 7,Count 8,Count 9,Count 10,Count 11,Count 12,Count 13,Count 14,Count 15
"1644169532-446","http://www.irelandelection.com/electiondetail.php?elecid=231&constitid=31&electype=1","","","Anthony Lawlor (FG)","11.0%","5406","5490
(84)","5544
(54)","5572
(28)","5714
(142)","5767
(53)","6046
(279)","6213
(167)","7402
(1189)","null","null","null","null","null","null"
"1644169532-448","http://www.irelandelection.com/electiondetail.php?elecid=231&constitid=31&electype=1","","","Réada Cronin (SF)","6.5%","3205","3323
(118)","3390
(67)","3621
(231)","3708
(87)","4146
(438)","4497
(351)","","","null","null","null","null","null","null"
"1644169532-454","http://www.irelandelection.com/electiondetail.php?elecid=231&constitid=31&electype=1","","","Gerard Dunne (IND)","0.5%","249","261
(12)","","","","","","","","null","null","null","null","null","null"
"1644169532-445","http://www.irelandelection.com/electiondetail.php?elecid=231&constitid=31&electype=1","4","","Frank O'Rourke (FF)","13.0%","6341","6486
(145)","6528
(42)","6562
(34)","6711
(149)","6879
(168)","7138
(259)","7684
(546)","8479
(795)","null","null","null","null","null","null"
"1644169532-452","http://www.irelandelection.com/electiondetail.php?elecid=231&constitid=31&electype=1","","","Ashling Merriman (SOL-PBP)","1.6%","781","873
(92)","943
(70)","","","","","","","null","null","null","null","null","null"
"1644169532-450","http://www.irelandelection.com/electiondetail.php?elecid=231&constitid=31&electype=1","","","Brendan Young (IND)","2.5%","1200","1323
(123)","1467
(144)","1737
(270)","1858
(121)","","","","","null","null","null","null","null","null"
"1644169532-444","http://www.irelandelection.com/electiondetail.php?elecid=231&constitid=31&electype=1","3","","Bernard Durkan (FG)","12.6%","6147","6268
(121)","6302
(34)","6322
(20)","6472
(150)","6534
(62)","6740
(206)","6974
(234)","8890
(1916)","null","null","null","null","null","null"
"1644169532-455","http://www.irelandelection.com/electiondetail.php?elecid=231&constitid=31&electype=1","","","Elizabeth O'Sullivan (IND)","0.2%","99","119
(20)","","","","","","","","null","null","null","null","null","null"
"1644169532-453","http://www.irelandelection.com/electiondetail.php?elecid=231&constitid=31&electype=1","","","Michael Beirne (IND)","0.8%","372","389
(17)","","","","","","","","null","null","null","null","null","null"
"1644169532-447","http://www.irelandelection.com/electiondetail.php?elecid=231&constitid=31&electype=1","","","Emmet Stagg (LAB)","8.4%","4087","4288
(201)","4349
(61)","4408
(59)","4488
(80)","4632
(144)","5181
(549)","5775
(594)","","null","null","null","null","null","null"
"1644169532-443","http://www.irelandelection.com/electiondetail.php?elecid=231&constitid=31&electype=1","2","","James Lawless (FF)","15.2%","7461","7592
(131)","7696
(104)","7737
(41)","7919
(182)","8003
(84)","8256
(253)","8850
(594)","9444
(594)","null","null","null","null","null","null"
"1644169532-449","http://www.irelandelection.com/electiondetail.php?elecid=231&constitid=31&electype=1","","","Maebh Ní Fhallúin (GP)","3.0%","1485","1649
(164)","1715
(66)","1804
(89)","2020
(216)","2419
(399)","","","","null","null","null","null","null","null"
"1644169532-442","http://www.irelandelection.com/electiondetail.php?elecid=231&constitid=31&electype=1","1","","Catherine Murphy (SD)","22.7%","11108","","","","","","","","","null","null","null","null","null","null"
"1644169532-451","http://www.irelandelection.com/electiondetail.php?elecid=231&constitid=31&electype=1","","","Shane Fitzgerald (REN)","2.0%","994","1086
(92)","1154
(68)","1236
(82)","","","","","","null","null","null","null","null","null"
