﻿web-scraper-order,web-scraper-start-url,Seat,Party,Candidate,Share,Count 1,Count 2,Count 3,Count 4,Count 5,Count 6,Count 7,Count 8,Count 9,Count 10,Count 11,Count 12,Count 13,Count 14,Count 15
"1644254536-5","http://www.irelandelection.com/electiondetail.php?elecid=231&constitid=32&electype=1","","","Patricia Ryan (SF)","11.6%","4267","4459
(192)","5294
(835)","5434
(140)","5485
(51)","","null","null","null","null","null","null","null","null","null"
"1644254536-7","http://www.irelandelection.com/electiondetail.php?elecid=231&constitid=32&electype=1","","","Declan Crowe (IND)","5.8%","2143","2609
(466)","","","","","null","null","null","null","null","null","null","null","null"
"1644254536-2","http://www.irelandelection.com/electiondetail.php?elecid=231&constitid=32&electype=1","2","","Fiona O'Loughlin (FF)","18.8%","6906","7073
(167)","7373
(300)","7905
(532)","8149
(244)","8974
(825)","null","null","null","null","null","null","null","null","null"
"1644254536-4","http://www.irelandelection.com/electiondetail.php?elecid=231&constitid=32&electype=1","","","Mark Wall (LAB)","11.6%","4277","4504
(227)","4764
(260)","5154
(390)","5806
(652)","6864
(1058)","null","null","null","null","null","null","null","null","null"
"1644254536-1","http://www.irelandelection.com/electiondetail.php?elecid=231&constitid=32&electype=1","1","","Martin Heydon (FG)","21.3%","7851","8048
(197)","8297
(249)","10321
(2024)","","","null","null","null","null","null","null","null","null","null"
"1644254536-3","http://www.irelandelection.com/electiondetail.php?elecid=231&constitid=32&electype=1","3","","Seán Ó Fearghaíl (FF)","17.6%","6469","6583
(114)","6891
(308)","7166
(275)","7343
(177)","8220
(877)","null","null","null","null","null","null","null","null","null"
"1644254536-9","http://www.irelandelection.com/electiondetail.php?elecid=231&constitid=32&electype=1","","","Mary Kennedy (REN)","2.1%","787","","","","","","null","null","null","null","null","null","null","null","null"
"1644254536-8","http://www.irelandelection.com/electiondetail.php?elecid=231&constitid=32&electype=1","","","Suzanne McEneaney (GP)","2.3%","836","","","","","","null","null","null","null","null","null","null","null","null"
"1644254536-6","http://www.irelandelection.com/electiondetail.php?elecid=231&constitid=32&electype=1","","","Fiona McLoughlin-Healy (FG)","8.8%","3250","3416
(166)","3554
(138)","","","","null","null","null","null","null","null","null","null","null"
