﻿web-scraper-order,web-scraper-start-url,Seat,Party,Candidate,Share,Count 1,Count 2,Count 3,Count 4,Count 5,Count 6,Count 7,Count 8,Count 9,Count 10,Count 11,Count 12,Count 13,Count 14,Count 15
"1644254763-11","http://www.irelandelection.com/electiondetail.php?elecid=231&constitid=33&electype=1","2","","Brian Stanley (SF)","21.2%","8242","9562
(1320)","10092
(530)","null","null","null","null","null","null","null","null","null","null","null","null"
"1644254763-15","http://www.irelandelection.com/electiondetail.php?elecid=231&constitid=33&electype=1","","","Sinéad Moore (GP)","4.0%","1541","2161
(620)","","null","null","null","null","null","null","null","null","null","null","null","null"
"1644254763-12","http://www.irelandelection.com/electiondetail.php?elecid=231&constitid=33&electype=1","3","","Charlie Flanagan (FG)","21.5%","8370","9298
(928)","9525
(227)","null","null","null","null","null","null","null","null","null","null","null","null"
"1644254763-10","http://www.irelandelection.com/electiondetail.php?elecid=231&constitid=33&electype=1","1","","Seán Fleming (FF)","35.1%","13626","","","null","null","null","null","null","null","null","null","null","null","null","null"
"1644254763-14","http://www.irelandelection.com/electiondetail.php?elecid=231&constitid=33&electype=1","","","John Whelan (LAB)","7.3%","2856","3394
(538)","3896
(502)","null","null","null","null","null","null","null","null","null","null","null","null"
"1644254763-13","http://www.irelandelection.com/electiondetail.php?elecid=231&constitid=33&electype=1","","","Thomasina Connell (FG)","10.9%","4233","4735
(502)","5140
(405)","null","null","null","null","null","null","null","null","null","null","null","null"
