﻿web-scraper-order,web-scraper-start-url,Seat,Party,Candidate,Share,Count 1,Count 2,Count 3,Count 4,Count 5,Count 6,Count 7,Count 8,Count 9,Count 10,Count 11,Count 12,Count 13,Count 14,Count 15
"1644254957-31","http://www.irelandelection.com/electiondetail.php?elecid=231&constitid=37&electype=1","","","James Heffernan (SD)","7.4%","3270","3463
(193)","3698
(235)","4319
(621)","5662
(1343)","","null","null","null","null","null","null","null","null","null"
"1644254957-36","http://www.irelandelection.com/electiondetail.php?elecid=231&constitid=37&electype=1","","","John O'Gorman (IND)","0.5%","207","219
(12)","","","","","null","null","null","null","null","null","null","null","null"
"1644254957-32","http://www.irelandelection.com/electiondetail.php?elecid=231&constitid=37&electype=1","","","Seamus Browne (SF)","7.5%","3347","3465
(118)","3550
(85)","3783
(233)","","","null","null","null","null","null","null","null","null","null"
"1644254957-29","http://www.irelandelection.com/electiondetail.php?elecid=231&constitid=37&electype=1","3","","Patrick O'Donovan (FG)","19.1%","8479","8637
(158)","8712
(75)","9183
(471)","9498
(315)","10291
(793)","null","null","null","null","null","null","null","null","null"
"1644254957-28","http://www.irelandelection.com/electiondetail.php?elecid=231&constitid=37&electype=1","2","","Tom Neville (FG)","18.0%","8013","8214
(201)","8291
(77)","8874
(583)","9217
(343)","10369
(1152)","null","null","null","null","null","null","null","null","null"
"1644254957-34","http://www.irelandelection.com/electiondetail.php?elecid=231&constitid=37&electype=1","","","Alexander Cosgrave (GP)","0.7%","311","321
(10)","","","","","null","null","null","null","null","null","null","null","null"
"1644254957-27","http://www.irelandelection.com/electiondetail.php?elecid=231&constitid=37&electype=1","1","","Niall Collins (FF)","27.6%","12276","","","","","","null","null","null","null","null","null","null","null","null"
"1644254957-33","http://www.irelandelection.com/electiondetail.php?elecid=231&constitid=37&electype=1","","","Richard O'Donoghue (IND)","6.4%","2855","3021
(166)","3118
(97)","","","","null","null","null","null","null","null","null","null","null"
"1644254957-35","http://www.irelandelection.com/electiondetail.php?elecid=231&constitid=37&electype=1","","","Mark Keogh (DD)","0.5%","222","231
(9)","","","","","null","null","null","null","null","null","null","null","null"
"1644254957-30","http://www.irelandelection.com/electiondetail.php?elecid=231&constitid=37&electype=1","","","Emmett O'Brien (IND)","12.2%","5432","5737
(305)","5879
(142)","6676
(797)","7569
(893)","9481
(1912)","null","null","null","null","null","null","null","null","null"
