﻿web-scraper-order,web-scraper-start-url,Seat,Party,Candidate,Share,Count 1,Count 2,Count 3,Count 4,Count 5,Count 6,Count 7,Count 8,Count 9,Count 10,Count 11,Count 12,Count 13,Count 14,Count 15
"1644254919-25","http://www.irelandelection.com/electiondetail.php?elecid=231&constitid=36&electype=1","","","Desmond Hayes (IND)","0.5%","254","314
(60)","","","","","null","null","null","null","null","null","null","null","null"
"1644254919-16","http://www.irelandelection.com/electiondetail.php?elecid=231&constitid=36&electype=1","1","","Willie O'Dea (FF)","27.8%","12999","","","","","","null","null","null","null","null","null","null","null","null"
"1644254919-26","http://www.irelandelection.com/electiondetail.php?elecid=231&constitid=36&electype=1","","","Denis Riordan (IND)","0.2%","78","88
(10)","","","","","null","null","null","null","null","null","null","null","null"
"1644254919-17","http://www.irelandelection.com/electiondetail.php?elecid=231&constitid=36&electype=1","2","","Maurice Quinlivan (SF)","12.6%","5894","6527
(633)","6651
(124)","7025
(374)","10517
(3492)","","null","null","null","null","null","null","null","null","null"
"1644254919-23","http://www.irelandelection.com/electiondetail.php?elecid=231&constitid=36&electype=1","","","James Gaffney (GP)","2.1%","964","1081
(117)","","","","","null","null","null","null","null","null","null","null","null"
"1644254919-18","http://www.irelandelection.com/electiondetail.php?elecid=231&constitid=36&electype=1","3","","Michael Noonan (FG)","15.6%","7294","7909
(615)","8221
(312)","8591
(370)","9018
(427)","9311
(293)","null","null","null","null","null","null","null","null","null"
"1644254919-21","http://www.irelandelection.com/electiondetail.php?elecid=231&constitid=36&electype=1","","","Cian Prendiville (SOL-PBP)","9.8%","4584","5244
(660)","5496
(252)","6724
(1228)","","","null","null","null","null","null","null","null","null","null"
"1644254919-20","http://www.irelandelection.com/electiondetail.php?elecid=231&constitid=36&electype=1","","","Kieran O'Donnell (FG)","12.9%","6047","6545
(498)","6830
(285)","7177
(347)","7512
(335)","7849
(337)","null","null","null","null","null","null","null","null","null"
"1644254919-19","http://www.irelandelection.com/electiondetail.php?elecid=231&constitid=36&electype=1","4","","Jan O'Sullivan (LAB)","11.2%","5227","5838
(611)","6166
(328)","7001
(835)","7722
(721)","8187
(465)","null","null","null","null","null","null","null","null","null"
"1644254919-22","http://www.irelandelection.com/electiondetail.php?elecid=231&constitid=36&electype=1","","","Sarah Jane Hennelly (SD)","5.9%","2747","3039
(292)","3620
(581)","","","","null","null","null","null","null","null","null","null","null"
"1644254919-24","http://www.irelandelection.com/electiondetail.php?elecid=231&constitid=36&electype=1","","","Nora Bennis (CD)","1.4%","673","823
(150)","","","","","null","null","null","null","null","null","null","null","null"
