﻿web-scraper-order,web-scraper-start-url,Seat,Party,Candidate,Share,Count 1,Count 2,Count 3,Count 4,Count 5,Count 6,Count 7,Count 8,Count 9,Count 10,Count 11,Count 12,Count 13,Count 14,Count 15
"1644255280-121","http://www.irelandelection.com/electiondetail.php?elecid=231&constitid=38&electype=1","1","","Robert Troy (FF)","21.1%","11653","","","","","","","","","","","","","",""
"1644255280-126","http://www.irelandelection.com/electiondetail.php?elecid=231&constitid=38&electype=1","","","James Bannon (FG)","8.4%","4639","4649
(10)","4653
(4)","4655
(2)","4659
(4)","4662
(3)","4693
(31)","4701
(8)","4765
(64)","4974
(209)","5425
(451)","5944
(519)","7071
(1127)","7081
(10)","7081
(10)"
"1644255280-122","http://www.irelandelection.com/electiondetail.php?elecid=231&constitid=38&electype=1","2","","Kevin (Boxer) Moran (IA)","13.7%","7586","7660
(74)","7674
(14)","7716
(42)","7735
(19)","7840
(105)","7962
(122)","8136
(174)","8343
(207)","8488
(145)","9246
(758)","10109
(863)","11122
(1013)","",""
"1644255280-124","http://www.irelandelection.com/electiondetail.php?elecid=231&constitid=38&electype=1","4","","Willie Penrose (LAB)","8.7%","4817","4936
(119)","4943
(7)","4975
(32)","4981
(6)","5010
(29)","5034
(24)","5180
(146)","5498
(318)","5637
(139)","6036
(399)","6355
(319)","7055
(700)","7087
(32)","7087
(32)"
"1644255280-128","http://www.irelandelection.com/electiondetail.php?elecid=231&constitid=38&electype=1","","","James Morgan (IA)","6.0%","3329","3344
(15)","3356
(12)","3367
(11)","3423
(56)","3443
(20)","3492
(49)","3531
(39)","3657
(126)","4316
(659)","4340
(24)","","","",""
"1644255280-135","http://www.irelandelection.com/electiondetail.php?elecid=231&constitid=38&electype=1","","","Barbara Smyth (IND)","0.5%","296","299
(3)","308
(9)","312
(4)","","","","","","","","","","",""
"1644255280-134","http://www.irelandelection.com/electiondetail.php?elecid=231&constitid=38&electype=1","","","Dom Parker (SOL-PBP)","0.9%","506","510
(4)","532
(22)","549
(17)","591
(42)","","","","","","","","","",""
"1644255280-125","http://www.irelandelection.com/electiondetail.php?elecid=231&constitid=38&electype=1","","","Paul Hogan (SF)","9.5%","5270","5306
(36)","5340
(34)","5369
(29)","5401
(32)","5601
(200)","5627
(26)","5778
(151)","5903
(125)","6032
(129)","6103
(71)","6636
(533)","7366
(730)","7386
(20)","7386
(20)"
"1644255280-136","http://www.irelandelection.com/electiondetail.php?elecid=231&constitid=38&electype=1","","","James Miller (IND)","0.4%","208","211
(3)","230
(19)","","","","","","","","","","","",""
"1644255280-133","http://www.irelandelection.com/electiondetail.php?elecid=231&constitid=38&electype=1","","","Noel McKervey (CD)","1.2%","654","658
(4)","664
(6)","672
(8)","676
(4)","686
(10)","","","","","","","","",""
"1644255280-123","http://www.irelandelection.com/electiondetail.php?elecid=231&constitid=38&electype=1","3","","Peter Burke (FG)","10.3%","5681","5749
(68)","5755
(6)","5772
(17)","5777
(5)","5785
(8)","5898
(113)","6072
(174)","6244
(172)","6289
(45)","7451
(1162)","7633
(182)","7880
(247)","7890
(10)","7890
(10)"
"1644255280-138","http://www.irelandelection.com/electiondetail.php?elecid=231&constitid=38&electype=1","","","Donal Jackson (IND)","0.1%","51","51
(0)","","","","","","","","","","","","",""
"1644255280-132","http://www.irelandelection.com/electiondetail.php?elecid=231&constitid=38&electype=1","","","Brian Fagan (IND)","1.6%","897","920
(23)","934
(14)","951
(17)","964
(13)","1022
(58)","1052
(30)","","","","","","","",""
"1644255280-127","http://www.irelandelection.com/electiondetail.php?elecid=231&constitid=38&electype=1","","","Connie Gerety-Quinn (FF)","7.1%","3943","4164
(221)","4168
(4)","4177
(9)","4187
(10)","4196
(9)","4267
(71)","4298
(31)","4371
(73)","4704
(333)","4765
(61)","5918
(1153)","","",""
"1644255280-137","http://www.irelandelection.com/electiondetail.php?elecid=231&constitid=38&electype=1","","","Stephanie Healy (DD)","0.2%","132","132
(0)","","","","","","","","","","","","",""
"1644255280-129","http://www.irelandelection.com/electiondetail.php?elecid=231&constitid=38&electype=1","","","Gabrielle McFadden (FG)","5.1%","2836","2844
(8)","2848
(4)","2858
(10)","2869
(11)","2874
(5)","2907
(33)","2917
(10)","2993
(76)","3027
(34)","","","","",""
"1644255280-130","http://www.irelandelection.com/electiondetail.php?elecid=231&constitid=38&electype=1","","","Mae Sexton (IND)","3.0%","1646","1654
(8)","1657
(3)","1662
(5)","1729
(67)","1755
(26)","1781
(26)","1822
(41)","1895
(73)","","","","","",""
"1644255280-131","http://www.irelandelection.com/electiondetail.php?elecid=231&constitid=38&electype=1","","","Manchán Magan (GP)","2.0%","1102","1109
(7)","1120
(11)","1132
(12)","1155
(23)","1233
(78)","1259
(26)","1393
(134)","","","","","","",""
