﻿web-scraper-order,web-scraper-start-url,Seat,Party,Candidate,Share,Count 1,Count 2,Count 3,Count 4,Count 5,Count 6,Count 7,Count 8,Count 9,Count 10,Count 11,Count 12,Count 13,Count 14,Count 15
"1644255222-74","http://www.irelandelection.com/electiondetail.php?elecid=231&constitid=39&electype=1","2","","Gerry Adams (SF)","15.8%","10661","10774
(113)","10826
(52)","10908
(82)","11096
(188)","11278
(182)","","","","","","null","null","null","null"
"1644255222-75","http://www.irelandelection.com/electiondetail.php?elecid=231&constitid=39&electype=1","3","","Imelda Munster (SF)","13.1%","8829","9061
(232)","9103
(42)","9224
(121)","9356
(132)","9563
(207)","9712
(149)","9995
(283)","10992
(997)","13029
(2037)","","null","null","null","null"
"1644255222-81","http://www.irelandelection.com/electiondetail.php?elecid=231&constitid=39&electype=1","","","Mark Dearey (GP)","4.7%","3187","3225
(38)","3363
(138)","3530
(167)","4099
(569)","4327
(228)","4517
(190)","","","","","null","null","null","null"
"1644255222-87","http://www.irelandelection.com/electiondetail.php?elecid=231&constitid=39&electype=1","","","David Bradley (IND)","0.5%","319","","","","","","","","","","","null","null","null","null"
"1644255222-73","http://www.irelandelection.com/electiondetail.php?elecid=231&constitid=39&electype=1","1","","Declan Breathnach (FF)","13.5%","9099","9146
(47)","9220
(74)","9609
(389)","9931
(322)","12192
(2261)","","","","","","null","null","null","null"
"1644255222-82","http://www.irelandelection.com/electiondetail.php?elecid=231&constitid=39&electype=1","","","Emma Coffey (FF)","5.1%","3422","3442
(20)","3496
(54)","3622
(126)","3819
(197)","","","","","","","null","null","null","null"
"1644255222-86","http://www.irelandelection.com/electiondetail.php?elecid=231&constitid=39&electype=1","","","Anthony Connor (DD)","1.0%","676","","","","","","","","","","","null","null","null","null"
"1644255222-78","http://www.irelandelection.com/electiondetail.php?elecid=231&constitid=39&electype=1","","","Gerald Nash (LAB)","7.3%","4945","4976
(31)","5293
(317)","5472
(179)","5593
(121)","5760
(167)","5895
(135)","6715
(820)","7888
(1173)","8454
(566)","8746
(292)","null","null","null","null"
"1644255222-77","http://www.irelandelection.com/electiondetail.php?elecid=231&constitid=39&electype=1","5","","Peter Fitzpatrick (FG)","9.5%","6408","6417
(9)","6591
(174)","6693
(102)","6969
(276)","7113
(144)","7206
(93)","7977
(771)","8231
(254)","8931
(700)","9132
(201)","null","null","null","null"
"1644255222-85","http://www.irelandelection.com/electiondetail.php?elecid=231&constitid=39&electype=1","","","Mary Moran (LAB)","1.8%","1198","1211
(13)","","","","","","","","","","null","null","null","null"
"1644255222-83","http://www.irelandelection.com/electiondetail.php?elecid=231&constitid=39&electype=1","","","Maeve Yore (IA)","4.1%","2746","2814
(68)","2953
(139)","3138
(185)","","","","","","","","null","null","null","null"
"1644255222-80","http://www.irelandelection.com/electiondetail.php?elecid=231&constitid=39&electype=1","","","Kevin Callan (IA)","5.2%","3541","3683
(142)","3701
(18)","4030
(329)","4388
(358)","4592
(204)","4779
(187)","5224
(445)","","","","null","null","null","null"
"1644255222-79","http://www.irelandelection.com/electiondetail.php?elecid=231&constitid=39&electype=1","","","Gareth Weldon (SOL-PBP)","5.1%","3462","3644
(182)","3690
(46)","3816
(126)","4468
(652)","4586
(118)","4675
(89)","5588
(913)","6290
(702)","","","null","null","null","null"
"1644255222-88","http://www.irelandelection.com/electiondetail.php?elecid=231&constitid=39&electype=1","","","Pat Greene (DD)","0.2%","127","","","","","","","","","","","null","null","null","null"
"1644255222-76","http://www.irelandelection.com/electiondetail.php?elecid=231&constitid=39&electype=1","4","","Fergus O'Dowd (FG)","10.1%","6814","6838
(24)","6943
(105)","7271
(328)","7418
(147)","7586
(168)","7680
(94)","8115
(435)","8827
(712)","9124
(297)","9256
(132)","null","null","null","null"
"1644255222-84","http://www.irelandelection.com/electiondetail.php?elecid=231&constitid=39&electype=1","","","Michael O'Dowd (REN)","3.1%","2095","2219
(124)","2242
(23)","","","","","","","","","null","null","null","null"
