﻿web-scraper-order,web-scraper-start-url,Seat,Party,Candidate,Share,Count 1,Count 2,Count 3,Count 4,Count 5,Count 6,Count 7,Count 8,Count 9,Count 10,Count 11,Count 12,Count 13,Count 14,Count 15
"1644255296-140","http://www.irelandelection.com/electiondetail.php?elecid=231&constitid=40&electype=1","2","","Michael Ring (FG)","17.7%","11275","11533
(258)","11534
(1)","11545
(11)","11558
(13)","11567
(9)","11613
(46)","12034
(421)","13149
(1115)","13149
(0)","null","null","null","null","null"
"1644255296-145","http://www.irelandelection.com/electiondetail.php?elecid=231&constitid=40&electype=1","","","Jerry Cowley (IND)","5.5%","3479","3495
(16)","3504
(9)","3513
(9)","3523
(10)","3553
(30)","3668
(115)","4375
(707)","","","null","null","null","null","null"
"1644255296-151","http://www.irelandelection.com/electiondetail.php?elecid=231&constitid=40&electype=1","","","Stephen Manning (IND)","0.2%","157","158
(1)","159
(1)","166
(7)","174
(8)","","","","","","null","null","null","null","null"
"1644255296-150","http://www.irelandelection.com/electiondetail.php?elecid=231&constitid=40&electype=1","","","Peter Jordan (IND)","0.3%","176","176
(0)","181
(5)","189
(8)","192
(3)","197
(5)","","","","","null","null","null","null","null"
"1644255296-147","http://www.irelandelection.com/electiondetail.php?elecid=231&constitid=40&electype=1","","","Margaret (Mags) Sheehan (GP)","1.0%","629","631
(2)","632
(1)","636
(4)","651
(15)","665
(14)","680
(15)","","","","null","null","null","null","null"
"1644255296-149","http://www.irelandelection.com/electiondetail.php?elecid=231&constitid=40&electype=1","","","George O'Malley (IND)","0.4%","262","263
(1)","263
(0)","276
(13)","284
(8)","301
(17)","","","","","null","null","null","null","null"
"1644255296-139","http://www.irelandelection.com/electiondetail.php?elecid=231&constitid=40&electype=1","1","","Enda Kenny (FG)","20.9%","13318","","","","","","","","","","null","null","null","null","null"
"1644255296-148","http://www.irelandelection.com/electiondetail.php?elecid=231&constitid=40&electype=1","","","Tom Moran (SOL-PBP)","0.9%","576","577
(1)","582
(5)","587
(5)","597
(10)","626
(29)","664
(38)","","","","null","null","null","null","null"
"1644255296-141","http://www.irelandelection.com/electiondetail.php?elecid=231&constitid=40&electype=1","3","","Dara Calleary (FF)","14.8%","9402","9417
(15)","9419
(2)","9432
(13)","9441
(9)","9450
(9)","9495
(45)","9933
(438)","10425
(492)","12150
(1725)","null","null","null","null","null"
"1644255296-146","http://www.irelandelection.com/electiondetail.php?elecid=231&constitid=40&electype=1","","","Michael Farrington (REN)","2.5%","1574","1579
(5)","1582
(3)","1590
(8)","1600
(10)","1608
(8)","1659
(51)","","","","null","null","null","null","null"
"1644255296-142","http://www.irelandelection.com/electiondetail.php?elecid=231&constitid=40&electype=1","4","","Lisa Chambers (FF)","12.9%","8231","8265
(34)","8266
(1)","8280
(14)","8296
(16)","8307
(11)","8354
(47)","8718
(364)","9503
(785)","11686
(2183)","null","null","null","null","null"
"1644255296-144","http://www.irelandelection.com/electiondetail.php?elecid=231&constitid=40&electype=1","","","Rose Conway-Walsh (SF)","10.1%","6414","6423
(9)","6423
(0)","6445
(22)","6453
(8)","6485
(32)","6548
(63)","7022
(474)","7853
(831)","","null","null","null","null","null"
"1644255296-154","http://www.irelandelection.com/electiondetail.php?elecid=231&constitid=40&electype=1","","","Seán Forkan (IND)","0.1%","42","42
(0)","","","","","","","","","null","null","null","null","null"
"1644255296-143","http://www.irelandelection.com/electiondetail.php?elecid=231&constitid=40&electype=1","","","Michelle Mulherin (FG)","12.3%","7841","8084
(243)","8088
(4)","8094
(6)","8123
(29)","8131
(8)","8182
(51)","8496
(314)","8900
(404)","9593
(693)","null","null","null","null","null"
"1644255296-153","http://www.irelandelection.com/electiondetail.php?elecid=231&constitid=40&electype=1","","","Gerry O'Boyle (IND)","0.2%","126","127
(1)","130
(3)","","","","","","","","null","null","null","null","null"
"1644255296-152","http://www.irelandelection.com/electiondetail.php?elecid=231&constitid=40&electype=1","","","Mohammad Kamal Uddin (IND)","0.2%","144","146
(2)","149
(3)","150
(1)","","","","","","","null","null","null","null","null"
