﻿web-scraper-order,web-scraper-start-url,Seat,Party,Candidate,Share,Count 1,Count 2,Count 3,Count 4,Count 5,Count 6,Count 7,Count 8,Count 9,Count 10,Count 11,Count 12,Count 13,Count 14,Count 15
"1644255341-165","http://www.irelandelection.com/electiondetail.php?elecid=231&constitid=41&electype=1","","","Sarah Tyrrell (REN)","1.3%","523","554
(31)","563
(9)","","","","","","","null","null","null","null","null","null"
"1644255341-159","http://www.irelandelection.com/electiondetail.php?elecid=231&constitid=41&electype=1","","","Joe Bonner (IA)","6.0%","2482","2527
(45)","2545
(18)","2600
(55)","2665
(65)","2857
(192)","3215
(358)","3825
(610)","","null","null","null","null","null","null"
"1644255341-166","http://www.irelandelection.com/electiondetail.php?elecid=231&constitid=41&electype=1","","","Seamus McDonagh (WP)","0.8%","326","335
(9)","","","","","","","","null","null","null","null","null","null"
"1644255341-162","http://www.irelandelection.com/electiondetail.php?elecid=231&constitid=41&electype=1","","","Sharon Keogan (IND)","3.7%","1528","1579
(51)","1600
(21)","1663
(63)","1709
(46)","1805
(96)","","","","null","null","null","null","null","null"
"1644255341-163","http://www.irelandelection.com/electiondetail.php?elecid=231&constitid=41&electype=1","","","Ben Gilroy (DD)","1.9%","794","809
(15)","841
(32)","876
(35)","899
(23)","","","","","null","null","null","null","null","null"
"1644255341-161","http://www.irelandelection.com/electiondetail.php?elecid=231&constitid=41&electype=1","","","Aisling O'Neill (SD)","4.1%","1715","1740
(25)","1801
(61)","1885
(84)","2148
(263)","2300
(152)","2463
(163)","","","null","null","null","null","null","null"
"1644255341-158","http://www.irelandelection.com/electiondetail.php?elecid=231&constitid=41&electype=1","","","Darren O'Rourke (SF)","14.0%","5780","5860
(80)","5970
(110)","6017
(47)","6096
(79)","6341
(245)","6637
(296)","7236
(599)","8556
(1320)","null","null","null","null","null","null"
"1644255341-160","http://www.irelandelection.com/electiondetail.php?elecid=231&constitid=41&electype=1","","","Dominic Hannigan (LAB)","5.5%","2270","2307
(37)","2325
(18)","2350
(25)","2494
(144)","2525
(31)","2680
(155)","3084
(404)","","null","null","null","null","null","null"
"1644255341-155","http://www.irelandelection.com/electiondetail.php?elecid=231&constitid=41&electype=1","1","","Thomas Byrne (FF)","26.1%","10818","","","","","","","","","null","null","null","null","null","null"
"1644255341-164","http://www.irelandelection.com/electiondetail.php?elecid=231&constitid=41&electype=1","","","Seán Ó Buachalla (GP)","1.9%","766","784
(18)","801
(17)","853
(52)","","","","","","null","null","null","null","null","null"
"1644255341-156","http://www.irelandelection.com/electiondetail.php?elecid=231&constitid=41&electype=1","2","","Helen McEntee (FG)","18.3%","7556","7656
(100)","7671
(15)","7749
(78)","7841
(92)","7887
(46)","8237
(350)","8435
(198)","9958
(1523)","null","null","null","null","null","null"
"1644255341-157","http://www.irelandelection.com/electiondetail.php?elecid=231&constitid=41&electype=1","3","","Regina Doherty (FG)","16.5%","6830","6889
(59)","6899
(10)","6979
(80)","7064
(85)","7109
(45)","7247
(138)","7477
(230)","9612
(2135)","null","null","null","null","null","null"
