﻿web-scraper-order,web-scraper-start-url,Seat,Party,Candidate,Share,Count 1,Count 2,Count 3,Count 4,Count 5,Count 6,Count 7,Count 8,Count 9,Count 10,Count 11,Count 12,Count 13,Count 14,Count 15
"1644255406-172","http://www.irelandelection.com/electiondetail.php?elecid=231&constitid=42&electype=1","","","Seamus McMenamin (GP)","3.7%","1421","1519
(98)","1587
(68)","1807
(220)","2178
(371)","","null","null","null","null","null","null","null","null","null"
"1644255406-168","http://www.irelandelection.com/electiondetail.php?elecid=231&constitid=42&electype=1","2","","Peadar Tóibín (SF)","24.5%","9442","9713
(271)","","","","","null","null","null","null","null","null","null","null","null"
"1644255406-169","http://www.irelandelection.com/electiondetail.php?elecid=231&constitid=42&electype=1","3","","Damien English (FG)","21.0%","8123","8333
(210)","8376
(43)","8785
(409)","8880
(95)","10371
(1491)","null","null","null","null","null","null","null","null","null"
"1644255406-173","http://www.irelandelection.com/electiondetail.php?elecid=231&constitid=42&electype=1","","","Alan Lawes (DD)","3.3%","1279","1310
(31)","1380
(70)","1440
(60)","","","null","null","null","null","null","null","null","null","null"
"1644255406-175","http://www.irelandelection.com/electiondetail.php?elecid=231&constitid=42&electype=1","","","John Malone (IND)","1.1%","439","","","","","","null","null","null","null","null","null","null","null","null"
"1644255406-167","http://www.irelandelection.com/electiondetail.php?elecid=231&constitid=42&electype=1","1","","Shane Cassells (FF)","27.4%","10585","","","","","","null","null","null","null","null","null","null","null","null"
"1644255406-174","http://www.irelandelection.com/electiondetail.php?elecid=231&constitid=42&electype=1","","","Tracy McElhinney (LAB)","3.0%","1166","1229
(63)","1241
(12)","","","","null","null","null","null","null","null","null","null","null"
"1644255406-171","http://www.irelandelection.com/electiondetail.php?elecid=231&constitid=42&electype=1","","","Trevor Golden (IND)","4.5%","1718","1844
(126)","1984
(140)","2137
(153)","2616
(479)","","null","null","null","null","null","null","null","null","null"
"1644255406-170","http://www.irelandelection.com/electiondetail.php?elecid=231&constitid=42&electype=1","","","Ray Butler (FG)","11.5%","4432","4519
(87)","4552
(33)","4853
(301)","4904
(51)","5841
(937)","null","null","null","null","null","null","null","null","null"
