﻿web-scraper-order,web-scraper-start-url,Seat,Party,Candidate,Share,Count 1,Count 2,Count 3,Count 4,Count 5,Count 6,Count 7,Count 8,Count 9,Count 10,Count 11,Count 12,Count 13,Count 14,Count 15
"1644340550-1","http://www.irelandelection.com/electiondetail.php?elecid=231&constitid=43&electype=1","1","","Barry Cowen (FF)","28.1%","12366","","","","","","","null","null","null","null","null","null","null","null"
"1644340550-7","http://www.irelandelection.com/electiondetail.php?elecid=231&constitid=43&electype=1","","","John Foley (IA)","9.5%","4200","4241
(41)","4536
(295)","","","","","null","null","null","null","null","null","null","null"
"1644340550-5","http://www.irelandelection.com/electiondetail.php?elecid=231&constitid=43&electype=1","","","John Leahy (REN)","10.4%","4596","4759
(163)","5319
(560)","5833
(514)","6588
(755)","","","null","null","null","null","null","null","null","null"
"1644340550-8","http://www.irelandelection.com/electiondetail.php?elecid=231&constitid=43&electype=1","","","Ken Smollen (IDP)","2.2%","971","999
(28)","","","","","","null","null","null","null","null","null","null","null"
"1644340550-3","http://www.irelandelection.com/electiondetail.php?elecid=231&constitid=43&electype=1","3","","Carol Nolan (SF)","10.9%","4804","4882
(78)","5459
(577)","6295
(836)","7195
(900)","8785
(1590)","8890
(105)","null","null","null","null","null","null","null","null"
"1644340550-6","http://www.irelandelection.com/electiondetail.php?elecid=231&constitid=43&electype=1","","","Joe Hannigan (IND)","11.8%","5188","5226
(38)","5536
(310)","5816
(280)","","","","null","null","null","null","null","null","null","null"
"1644340550-4","http://www.irelandelection.com/electiondetail.php?elecid=231&constitid=43&electype=1","","","Eddie Fitzpatrick (FF)","7.7%","3394","4297
(903)","4578
(281)","6147
(1569)","7141
(994)","8521
(1380)","8720
(199)","null","null","null","null","null","null","null","null"
"1644340550-9","http://www.irelandelection.com/electiondetail.php?elecid=231&constitid=43&electype=1","","","Teresa Ryan-Feehan (IND)","1.4%","603","616
(13)","","","","","","null","null","null","null","null","null","null","null"
"1644340550-2","http://www.irelandelection.com/electiondetail.php?elecid=231&constitid=43&electype=1","2","","Marcella Corcoran-Kennedy (FG)","15.5%","6838","6919
(81)","7270
(351)","7798
(528)","9484
(1686)","11313
(1829)","","null","null","null","null","null","null","null","null"
"1644340550-10","http://www.irelandelection.com/electiondetail.php?elecid=231&constitid=43&electype=1","","","Kate Bopp (IND)","1.2%","549","554
(5)","","","","","","null","null","null","null","null","null","null","null"
"1644340550-11","http://www.irelandelection.com/electiondetail.php?elecid=231&constitid=43&electype=1","","","Christopher Fettes (GP)","1.2%","525","532
(7)","","","","","","null","null","null","null","null","null","null","null"
