﻿web-scraper-order,web-scraper-start-url,Seat,Party,Candidate,Share,Count 1,Count 2,Count 3,Count 4,Count 5,Count 6,Count 7,Count 8,Count 9,Count 10,Count 11,Count 12,Count 13,Count 14,Count 15
"1644340597-14","http://www.irelandelection.com/electiondetail.php?elecid=231&constitid=44&electype=1","3","","Eugene Murphy (FF)","14.9%","6813","7157
(344)","7162
(5)","7192
(30)","7260
(68)","7368
(108)","7565
(197)","10104
(2539)","null","null","null","null","null","null","null"
"1644340597-19","http://www.irelandelection.com/electiondetail.php?elecid=231&constitid=44&electype=1","","","Eddie Conroy (SOL-PBP)","2.1%","982","1008
(26)","1015
(7)","1146
(131)","1172
(26)","","","","null","null","null","null","null","null","null"
"1644340597-20","http://www.irelandelection.com/electiondetail.php?elecid=231&constitid=44&electype=1","","","Anne Farrell (REN)","1.1%","520","577
(57)","580
(3)","616
(36)","","","","","null","null","null","null","null","null","null"
"1644340597-12","http://www.irelandelection.com/electiondetail.php?elecid=231&constitid=44&electype=1","1","","Denis Naughten (IND)","30.5%","13936","","","","","","","","null","null","null","null","null","null","null"
"1644340597-16","http://www.irelandelection.com/electiondetail.php?elecid=231&constitid=44&electype=1","","","Claire Kerrane (SF)","6.7%","3075","3196
(121)","3207
(11)","3256
(49)","3301
(45)","3591
(290)","3826
(235)","","null","null","null","null","null","null","null"
"1644340597-17","http://www.irelandelection.com/electiondetail.php?elecid=231&constitid=44&electype=1","","","Shane Curran (FF)","4.4%","2006","2164
(158)","2168
(4)","2198
(30)","2240
(42)","2294
(54)","2389
(95)","","null","null","null","null","null","null","null"
"1644340597-22","http://www.irelandelection.com/electiondetail.php?elecid=231&constitid=44&electype=1","","","Tony Coleman (IND)","0.5%","214","229
(15)","237
(8)","","","","","","null","null","null","null","null","null","null"
"1644340597-23","http://www.irelandelection.com/electiondetail.php?elecid=231&constitid=44&electype=1","","","Thomas Declan Fallon (IND)","0.2%","75","88
(13)","","","","","","","null","null","null","null","null","null","null"
"1644340597-18","http://www.irelandelection.com/electiondetail.php?elecid=231&constitid=44&electype=1","","","John Kelly (LAB)","2.7%","1211","1254
(43)","1258
(4)","1320
(62)","1373
(53)","1442
(69)","","","null","null","null","null","null","null","null"
"1644340597-13","http://www.irelandelection.com/electiondetail.php?elecid=231&constitid=44&electype=1","2","","Michael Fitzmaurice (IA)","21.3%","9750","10964
(1214)","10996
(32)","11073
(77)","11275
(202)","11630
(355)","","","null","null","null","null","null","null","null"
"1644340597-15","http://www.irelandelection.com/electiondetail.php?elecid=231&constitid=44&electype=1","","","Maura Hopkins (FG)","14.9%","6812","7317
(505)","7324
(7)","7428
(104)","7555
(127)","7698
(143)","8388
(690)","9313
(925)","null","null","null","null","null","null","null"
"1644340597-21","http://www.irelandelection.com/electiondetail.php?elecid=231&constitid=44&electype=1","","","Miriam Hennessy (GP)","0.6%","286","305
(19)","307
(2)","","","","","","null","null","null","null","null","null","null"
