﻿web-scraper-order,web-scraper-start-url,Seat,Party,Candidate,Share,Count 1,Count 2,Count 3,Count 4,Count 5,Count 6,Count 7,Count 8,Count 9,Count 10,Count 11,Count 12,Count 13,Count 14,Count 15
"1644340653-26","http://www.irelandelection.com/electiondetail.php?elecid=231&constitid=54&electype=1","3","","Tony McLoughlin (FG)","9.9%","6172","6204
(32)","6237
(33)","6338
(101)","6371
(33)","6440
(69)","6485
(45)","7013
(528)","7628
(615)","9465
(1837)","10055
(590)","10167
(112)","10529
(362)","10910
(381)","10910
(381)"
"1644340653-40","http://www.irelandelection.com/electiondetail.php?elecid=231&constitid=54&electype=1","","","Eamon Murray (IND)","0.6%","356","","","","","","","","","","","","","",""
"1644340653-33","http://www.irelandelection.com/electiondetail.php?elecid=231&constitid=54&electype=1","","","Marie Casserly (IA)","4.4%","2726","2763
(37)","2823
(60)","2945
(122)","3067
(122)","3254
(187)","3697
(443)","4138
(441)","","","","","","",""
"1644340653-36","http://www.irelandelection.com/electiondetail.php?elecid=231&constitid=54&electype=1","","","Bernie O'Hara (IND)","1.9%","1206","1242
(36)","1265
(23)","1344
(79)","1470
(126)","","","","","","","","","",""
"1644340653-29","http://www.irelandelection.com/electiondetail.php?elecid=231&constitid=54&electype=1","","","Chris MacManus (SF)","7.6%","4747","4786
(39)","4809
(23)","4837
(28)","4865
(28)","4909
(44)","5194
(285)","5257
(63)","5547
(290)","5637
(90)","7045
(1408)","7093
(48)","","",""
"1644340653-39","http://www.irelandelection.com/electiondetail.php?elecid=231&constitid=54&electype=1","","","Leslie O'Hora (GP)","1.0%","603","619
(16)","","","","","","","","","","","","",""
"1644340653-38","http://www.irelandelection.com/electiondetail.php?elecid=231&constitid=54&electype=1","","","Finbarr Filan (REN)","1.4%","881","887
(6)","913
(26)","","","","","","","","","","","",""
"1644340653-25","http://www.irelandelection.com/electiondetail.php?elecid=231&constitid=54&electype=1","2","","Martin Kenny (SF)","10.2%","6356","6419
(63)","6439
(20)","6473
(34)","6687
(214)","6781
(94)","6988
(207)","7028
(40)","7270
(242)","7305
(35)","7971
(666)","9294
(1323)","14066
(4772)","",""
"1644340653-30","http://www.irelandelection.com/electiondetail.php?elecid=231&constitid=54&electype=1","","","Paddy O'Rourke (FF)","8.7%","5447","5474
(27)","5486
(12)","5511
(25)","5658
(147)","5799
(141)","5819
(20)","5863
(44)","5949
(86)","6001
(52)","6083
(82)","","","",""
"1644340653-32","http://www.irelandelection.com/electiondetail.php?elecid=231&constitid=54&electype=1","","","John Perry (FG)","7.1%","4403","4413
(10)","4431
(18)","4466
(35)","4487
(21)","4533
(46)","4566
(33)","4773
(207)","4935
(162)","","","","","",""
"1644340653-37","http://www.irelandelection.com/electiondetail.php?elecid=231&constitid=54&electype=1","","","Des Guckian (IND)","1.7%","1060","1098
(38)","1118
(20)","1154
(36)","","","","","","","","","","",""
"1644340653-24","http://www.irelandelection.com/electiondetail.php?elecid=231&constitid=54&electype=1","1","","Marc MacSharry (FF)","14.2%","8856","8874
(18)","8893
(19)","9036
(143)","9122
(86)","9447
(325)","9549
(102)","9705
(156)","10322
(617)","10672
(350)","11520
(848)","13227
(1707)","","",""
"1644340653-28","http://www.irelandelection.com/electiondetail.php?elecid=231&constitid=54&electype=1","","","Gerry Reynolds (FG)","10.7%","6672","6702
(30)","6742
(40)","6797
(55)","6944
(147)","7027
(83)","7054
(27)","7314
(260)","7532
(218)","8715
(1183)","8921
(206)","10092
(1171)","10177
(85)","10316
(139)","10316
(139)"
"1644340653-35","http://www.irelandelection.com/electiondetail.php?elecid=231&constitid=54&electype=1","","","Nigel Gallagher (SOL-PBP)","2.8%","1768","1803
(35)","1890
(87)","1950
(60)","2014
(64)","2074
(60)","","","","","","","","",""
"1644340653-27","http://www.irelandelection.com/electiondetail.php?elecid=231&constitid=54&electype=1","4","","Eamon Scanlon (FF)","9.4%","5874","5899
(25)","5907
(8)","5961
(54)","5994
(33)","6126
(132)","6179
(53)","6267
(88)","6522
(255)","7553
(1031)","7822
(269)","9145
(1323)","9554
(409)","10185
(631)","10185
(631)"
"1644340653-31","http://www.irelandelection.com/electiondetail.php?elecid=231&constitid=54&electype=1","","","Declan Bree (IND)","5.2%","3250","3282
(32)","3347
(65)","3399
(52)","3454
(55)","3547
(93)","4165
(618)","4402
(237)","5361
(959)","5512
(151)","","","","",""
"1644340653-41","http://www.irelandelection.com/electiondetail.php?elecid=231&constitid=54&electype=1","","","Bernard Sweeney (IND)","0.2%","129","","","","","","","","","","","","","",""
"1644340653-34","http://www.irelandelection.com/electiondetail.php?elecid=231&constitid=54&electype=1","","","Susan O'Keeffe (LAB)","2.9%","1829","1843
(14)","1986
(143)","2036
(50)","2060
(24)","2096
(36)","2192
(96)","","","","","","","",""
