﻿web-scraper-order,web-scraper-start-url,Seat,Party,Candidate,Share,Count 1,Count 2,Count 3,Count 4,Count 5,Count 6,Count 7,Count 8,Count 9,Count 10,Count 11,Count 12,Count 13,Count 14,Count 15
"1644340679-49","http://www.irelandelection.com/electiondetail.php?elecid=231&constitid=55&electype=1","","","Séamus Morris (SF)","7.3%","5724","5921
(197)","6038
(117)","6205
(167)","","","","null","null","null","null","null","null","null","null"
"1644340679-42","http://www.irelandelection.com/electiondetail.php?elecid=231&constitid=55&electype=1","1","","Michael Lowry (IND)","16.8%","13064","","","","","","","null","null","null","null","null","null","null","null"
"1644340679-45","http://www.irelandelection.com/electiondetail.php?elecid=231&constitid=55&electype=1","4","","Séamus Healy (WUAG)","9.6%","7452","7834
(382)","8477
(643)","8572
(95)","11427
(2855)","12029
(602)","12874
(845)","null","null","null","null","null","null","null","null"
"1644340679-53","http://www.irelandelection.com/electiondetail.php?elecid=231&constitid=55&electype=1","","","Gearóid Fitzgibbon (GP)","1.7%","1341","","","","","","","null","null","null","null","null","null","null","null"
"1644340679-52","http://www.irelandelection.com/electiondetail.php?elecid=231&constitid=55&electype=1","","","Marie Murphy (FG)","2.0%","1542","","","","","","","null","null","null","null","null","null","null","null"
"1644340679-43","http://www.irelandelection.com/electiondetail.php?elecid=231&constitid=55&electype=1","2","","Mattie McGrath (IND)","14.4%","11237","11781
(544)","12819
(1038)","13064
(245)","","","","null","null","null","null","null","null","null","null"
"1644340679-47","http://www.irelandelection.com/electiondetail.php?elecid=231&constitid=55&electype=1","","","Tom Hayes (FG)","8.0%","6218","6821
(603)","7026
(205)","9373
(2347)","9560
(187)","9943
(383)","10437
(494)","null","null","null","null","null","null","null","null"
"1644340679-54","http://www.irelandelection.com/electiondetail.php?elecid=231&constitid=55&electype=1","","","Michael Dillon (IND)","0.3%","238","","","","","","","null","null","null","null","null","null","null","null"
"1644340679-50","http://www.irelandelection.com/electiondetail.php?elecid=231&constitid=55&electype=1","","","Noel Coonan (FG)","6.1%","4782","5140
(358)","5193
(53)","","","","","null","null","null","null","null","null","null","null"
"1644340679-48","http://www.irelandelection.com/electiondetail.php?elecid=231&constitid=55&electype=1","","","Michael Smith (FF)","8.6%","6718","6817
(99)","7565
(748)","8165
(600)","8891
(726)","","","null","null","null","null","null","null","null","null"
"1644340679-44","http://www.irelandelection.com/electiondetail.php?elecid=231&constitid=55&electype=1","3","","Jackie Cahill (FF)","9.5%","7414","7542
(128)","9103
(1561)","9530
(427)","10114
(584)","15062
(4948)","","null","null","null","null","null","null","null","null"
"1644340679-51","http://www.irelandelection.com/electiondetail.php?elecid=231&constitid=55&electype=1","","","Siobhán Ambrose (FF)","5.7%","4472","4687
(215)","","","","","","null","null","null","null","null","null","null","null"
"1644340679-46","http://www.irelandelection.com/electiondetail.php?elecid=231&constitid=55&electype=1","5","","Alan Kelly (LAB)","9.9%","7746","8209
(463)","8387
(178)","9456
(1069)","9958
(502)","11067
(1109)","11750
(683)","null","null","null","null","null","null","null","null"
