﻿web-scraper-order,web-scraper-start-url,Seat,Party,Candidate,Share,Count 1,Count 2,Count 3,Count 4,Count 5,Count 6,Count 7,Count 8,Count 9,Count 10,Count 11,Count 12,Count 13,Count 14,Count 15
"1644340708-56","http://www.irelandelection.com/electiondetail.php?elecid=231&constitid=49&electype=1","2","","David Cullinane (SF)","18.8%","9739","9783
(44)","9826
(43)","9890
(64)","9967
(77)","10497
(530)","","","","null","null","null","null","null","null"
"1644340708-55","http://www.irelandelection.com/electiondetail.php?elecid=231&constitid=49&electype=1","1","","Mary Butler (FF)","20.5%","10603","","","","","","","","","null","null","null","null","null","null"
"1644340708-57","http://www.irelandelection.com/electiondetail.php?elecid=231&constitid=49&electype=1","3","","John Halligan (IA)","16.1%","8306","8368
(62)","8438
(70)","8513
(75)","8674
(161)","9271
(597)","9345
(74)","11148
(1803)","","null","null","null","null","null","null"
"1644340708-60","http://www.irelandelection.com/electiondetail.php?elecid=231&constitid=49&electype=1","","","Grace O'Sullivan (GP)","4.3%","2237","2254
(17)","2285
(31)","2379
(94)","2567
(188)","2968
(401)","2993
(25)","","","null","null","null","null","null","null"
"1644340708-64","http://www.irelandelection.com/electiondetail.php?elecid=231&constitid=49&electype=1","","","John D Walsh (IND)","1.7%","858","865
(7)","895
(30)","","","","","","","null","null","null","null","null","null"
"1644340708-58","http://www.irelandelection.com/electiondetail.php?elecid=231&constitid=49&electype=1","4","","John Deasy (FG)","14.8%","7641","7687
(46)","7697
(10)","7806
(109)","7996
(190)","8067
(71)","8072
(5)","9443
(1371)","9671
(228)","null","null","null","null","null","null"
"1644340708-62","http://www.irelandelection.com/electiondetail.php?elecid=231&constitid=49&electype=1","","","Úna Dunphy (SOL-PBP)","3.2%","1646","1656
(10)","1719
(63)","1767
(48)","1857
(90)","","","","","null","null","null","null","null","null"
"1644340708-61","http://www.irelandelection.com/electiondetail.php?elecid=231&constitid=49&electype=1","","","Ciara Conway (LAB)","4.4%","2268","2286
(18)","2302
(16)","2309
(7)","2367
(58)","2445
(78)","2449
(4)","","","null","null","null","null","null","null"
"1644340708-59","http://www.irelandelection.com/electiondetail.php?elecid=231&constitid=49&electype=1","","","Paudie Coffey (FG)","13.9%","7209","7245
(36)","7281
(36)","7412
(131)","7600
(188)","7635
(35)","7637
(2)","8946
(1309)","9104
(158)","null","null","null","null","null","null"
"1644340708-63","http://www.irelandelection.com/electiondetail.php?elecid=231&constitid=49&electype=1","","","Mailo Power (REN)","1.7%","862","880
(18)","902
(22)","1087
(185)","","","","","","null","null","null","null","null","null"
"1644340708-66","http://www.irelandelection.com/electiondetail.php?elecid=231&constitid=49&electype=1","","","Sheikh Mohiuddin Ahmed (IND)","0.3%","140","143
(3)","","","","","","","","null","null","null","null","null","null"
"1644340708-65","http://www.irelandelection.com/electiondetail.php?elecid=231&constitid=49&electype=1","","","Edward Quilty (DD)","0.4%","194","195
(1)","","","","","","","","null","null","null","null","null","null"
