﻿web-scraper-order,web-scraper-start-url,Seat,Party,Candidate,Share,Count 1,Count 2,Count 3,Count 4,Count 5,Count 6,Count 7,Count 8,Count 9,Count 10,Count 11,Count 12,Count 13,Count 14,Count 15
"1644340741-72","http://www.irelandelection.com/electiondetail.php?elecid=231&constitid=50&electype=1","","","Johnny Mythen (SF)","10.1%","7260","7357
(97)","7415
(58)","7451
(36)","7466
(15)","7712
(246)","8036
(324)","8248
(212)","8350
(102)","8795
(445)","8824
(29)","8832
(8)","9405
(573)","9652
(247)","9652
(247)"
"1644340741-71","http://www.irelandelection.com/electiondetail.php?elecid=231&constitid=50&electype=1","5","","Paul Kehoe (FG)","10.7%","7696","7703
(7)","7764
(61)","7808
(44)","8152
(344)","8259
(107)","8284
(25)","8344
(60)","8522
(178)","8874
(352)","8922
(48)","8949
(27)","9593
(644)","9704
(111)","9704
(111)"
"1644340741-75","http://www.irelandelection.com/electiondetail.php?elecid=231&constitid=50&electype=1","","","Aoife Byrne (FF)","4.4%","3164","3181
(17)","3252
(71)","3292
(40)","3357
(65)","3462
(105)","3513
(51)","3585
(72)","","","","","","",""
"1644340741-70","http://www.irelandelection.com/electiondetail.php?elecid=231&constitid=50&electype=1","4","","Michael D'Arcy (FG)","10.9%","7798","7803
(5)","7830
(27)","7913
(83)","8334
(421)","8357
(23)","8390
(33)","8490
(100)","8574
(84)","8884
(310)","8917
(33)","8950
(33)","11371
(2421)","11645
(274)","11645
(274)"
"1644340741-73","http://www.irelandelection.com/electiondetail.php?elecid=231&constitid=50&electype=1","","","Malcolm Byrne (FF)","8.5%","6115","6123
(8)","6139
(16)","6204
(65)","6222
(18)","6241
(19)","6286
(45)","6367
(81)","6950
(583)","7122
(172)","7393
(271)","7409
(16)","","",""
"1644340741-67","http://www.irelandelection.com/electiondetail.php?elecid=231&constitid=50&electype=1","1","","Brendan Howlin (LAB)","14.8%","10574","10635
(61)","10731
(96)","10907
(176)","11140
(233)","11200
(60)","11311
(111)","11769
(458)","12071
(302)","","","","","",""
"1644340741-76","http://www.irelandelection.com/electiondetail.php?elecid=231&constitid=50&electype=1","","","Leonard Kelly (SD)","2.3%","1635","1677
(42)","1707
(30)","1883
(176)","1907
(24)","1939
(32)","2179
(240)","","","","","","","",""
"1644340741-69","http://www.irelandelection.com/electiondetail.php?elecid=231&constitid=50&electype=1","3","","Mick Wallace (I4C)","11.0%","7917","8013
(96)","8237
(224)","8398
(161)","8468
(70)","8853
(385)","9575
(722)","10213
(638)","10625
(412)","11817
(1192)","11887
(70)","11930
(43)","13420
(1490)","",""
"1644340741-78","http://www.irelandelection.com/electiondetail.php?elecid=231&constitid=50&electype=1","","","John Dwyer (IND)","1.8%","1265","1279
(14)","1323
(44)","1355
(32)","1362
(7)","","","","","","","","","",""
"1644340741-68","http://www.irelandelection.com/electiondetail.php?elecid=231&constitid=50&electype=1","2","","James Browne (FF)","13.7%","9827","9850
(23)","9937
(87)","9983
(46)","10007
(24)","10066
(59)","10095
(29)","10150
(55)","11699
(1549)","12434
(735)","","","","",""
"1644340741-79","http://www.irelandelection.com/electiondetail.php?elecid=231&constitid=50&electype=1","","","Julie Hogan (FG)","1.7%","1214","1233
(19)","1266
(33)","1305
(39)","","","","","","","","","","",""
"1644340741-80","http://www.irelandelection.com/electiondetail.php?elecid=231&constitid=50&electype=1","","","Ann Walsh (GP)","1.5%","1056","1064
(8)","1093
(29)","","","","","","","","","","","",""
"1644340741-82","http://www.irelandelection.com/electiondetail.php?elecid=231&constitid=50&electype=1","","","Emmet Moloney (IND)","0.7%","476","","","","","","","","","","","","","",""
"1644340741-81","http://www.irelandelection.com/electiondetail.php?elecid=231&constitid=50&electype=1","","","Caroline Foxe (IND)","1.3%","930","956
(26)","","","","","","","","","","","","",""
"1644340741-83","http://www.irelandelection.com/electiondetail.php?elecid=231&constitid=50&electype=1","","","David Lloyd (DD)","0.2%","128","","","","","","","","","","","","","",""
"1644340741-77","http://www.irelandelection.com/electiondetail.php?elecid=231&constitid=50&electype=1","","","Deirdre Wadding (SOL-PBP)","2.1%","1472","1558
(86)","1616
(58)","1731
(115)","1749
(18)","1843
(94)","","","","","","","","",""
"1644340741-74","http://www.irelandelection.com/electiondetail.php?elecid=231&constitid=50&electype=1","","","Ger Carty (IND)","4.4%","3134","3189
(55)","3268
(79)","3307
(39)","3351
(44)","3428
(77)","3563
(135)","3855
(292)","4041
(186)","","","","","",""
