﻿web-scraper-order,web-scraper-start-url,Seat,Party,Candidate,Share,Count 1,Count 2,Count 3,Count 4,Count 5,Count 6,Count 7,Count 8,Count 9,Count 10,Count 11,Count 12,Count 13,Count 14,Count 15
"1644340826-96","http://www.irelandelection.com/electiondetail.php?elecid=231&constitid=51&electype=1","","","Anna Doyle (SOL-PBP)","0.8%","539","612
(73)","655
(43)","","","","","","","","null","null","null","null","null"
"1644340826-90","http://www.irelandelection.com/electiondetail.php?elecid=231&constitid=51&electype=1","","","Joe Behan (IND)","4.5%","3070","3345
(275)","3374
(29)","3539
(165)","3717
(178)","4288
(571)","4332
(44)","4613
(281)","5218
(605)","","null","null","null","null","null"
"1644340826-89","http://www.irelandelection.com/electiondetail.php?elecid=231&constitid=51&electype=1","","","Billy Timmins (REN)","8.0%","5510","5737
(227)","5762
(25)","5858
(96)","6017
(159)","6231
(214)","6667
(436)","6910
(243)","7279
(369)","8359
(1080)","null","null","null","null","null"
"1644340826-93","http://www.irelandelection.com/electiondetail.php?elecid=231&constitid=51&electype=1","","","Avril Cronin (FG)","3.0%","2091","2149
(58)","2163
(14)","2176
(13)","2261
(85)","2322
(61)","","","","","null","null","null","null","null"
"1644340826-99","http://www.irelandelection.com/electiondetail.php?elecid=231&constitid=51&electype=1","","","Bob Kearns (IND)","0.2%","112","120
(8)","","","","","","","","","null","null","null","null","null"
"1644340826-88","http://www.irelandelection.com/electiondetail.php?elecid=231&constitid=51&electype=1","5","","Pat Casey (FF)","9.1%","6289","6446
(157)","6457
(11)","6505
(48)","6552
(47)","6600
(48)","6700
(100)","8931
(2231)","9214
(283)","10260
(1046)","null","null","null","null","null"
"1644340826-84","http://www.irelandelection.com/electiondetail.php?elecid=231&constitid=51&electype=1","1","","Stephen Donnelly (SD)","20.9%","14348","","","","","","","","","","null","null","null","null","null"
"1644340826-92","http://www.irelandelection.com/electiondetail.php?elecid=231&constitid=51&electype=1","","","Jennifer Cuffe (FF)","4.3%","2990","3179
(189)","3192
(13)","3249
(57)","3339
(90)","3448
(109)","3548
(100)","","","","null","null","null","null","null"
"1644340826-95","http://www.irelandelection.com/electiondetail.php?elecid=231&constitid=51&electype=1","","","Steven Matthews (GP)","2.0%","1350","1614
(264)","1651
(37)","1745
(94)","","","","","","","null","null","null","null","null"
"1644340826-97","http://www.irelandelection.com/electiondetail.php?elecid=231&constitid=51&electype=1","","","Charlie Keddy (IND)","0.6%","447","476
(29)","520
(44)","","","","","","","","null","null","null","null","null"
"1644340826-91","http://www.irelandelection.com/electiondetail.php?elecid=231&constitid=51&electype=1","","","Anne Ferris (LAB)","3.8%","2634","2861
(227)","2873
(12)","2912
(39)","3413
(501)","3633
(220)","3859
(226)","4032
(173)","","","null","null","null","null","null"
"1644340826-94","http://www.irelandelection.com/electiondetail.php?elecid=231&constitid=51&electype=1","","","Sharon Briggs (SOL-PBP)","1.8%","1241","1396
(155)","1454
(58)","1918
(464)","2219
(301)","","","","","","null","null","null","null","null"
"1644340826-98","http://www.irelandelection.com/electiondetail.php?elecid=231&constitid=51&electype=1","","","Katrina Hutchinson (DD)","0.2%","168","217
(49)","","","","","","","","","null","null","null","null","null"
"1644340826-85","http://www.irelandelection.com/electiondetail.php?elecid=231&constitid=51&electype=1","2","","John Brady (SF)","16.2%","11151","11489
(338)","","","","","","","","","null","null","null","null","null"
"1644340826-86","http://www.irelandelection.com/electiondetail.php?elecid=231&constitid=51&electype=1","3","","Simon Harris (FG)","15.7%","10819","11468
(649)","","","","","","","","","null","null","null","null","null"
"1644340826-87","http://www.irelandelection.com/electiondetail.php?elecid=231&constitid=51&electype=1","4","","Andrew Doyle (FG)","8.8%","6045","6227
(182)","6244
(17)","6285
(41)","6424
(139)","6466
(42)","7726
(1260)","7961
(235)","9652
(1691)","10394
(742)","null","null","null","null","null"
