﻿web-scraper-order,web-scraper-start-url,Seat,Party,Candidate,Share,Count 1,Count 2,Count 3,Count 4,Count 5,Count 6,Count 7,Count 8,Count 9,Count 10,Count 11,Count 12,Count 13,Count 14,Count 15
"1632582522-801","https://irelandelection.com/electiondetail.php?elecid=238&constitid=1&electype=1","1","","Kathleen Funchion (SF)","23.8%","17493","","","","","","","","","","null","null","null","null","null"
"1632582522-805","https://irelandelection.com/electiondetail.php?elecid=238&constitid=1&electype=1","5","","Malcolm Noonan (GP)","6.7%","4942","5504
(562)","5647
(143)","6207
(560)","7078
(871)","7313
(235)","9408
(2095)","9891
(483)","10331
(440)","10543
(212)","null","null","null","null","null"
"1632582522-807","https://irelandelection.com/electiondetail.php?elecid=238&constitid=1&electype=1","","","Pat Deering (FG)","8.1%","5929","6037
(108)","6137
(100)","6323
(186)","6420
(97)","6995
(575)","7143
(148)","","","","null","null","null","null","null"
"1632582522-812","https://irelandelection.com/electiondetail.php?elecid=238&constitid=1&electype=1","","","Helena Byrne (REN)","1.3%","992","1164
(172)","","","","","","","","","null","null","null","null","null"
"1632582522-806","https://irelandelection.com/electiondetail.php?elecid=238&constitid=1&electype=1","","","Bobby Aylward (FF)","10.3%","7550","7791
(241)","7920
(129)","8124
(204)","8408
(284)","8642
(234)","8819
(177)","9174
(355)","9632
(458)","9985
(353)","null","null","null","null","null"
"1632582522-809","https://irelandelection.com/electiondetail.php?elecid=238&constitid=1&electype=1","","","Patrick O'Neill (FG)","5.0%","3674","3723
(49)","3776
(53)","3943
(167)","4186
(243)","","","","","","null","null","null","null","null"
"1632582522-811","https://irelandelection.com/electiondetail.php?elecid=238&constitid=1&electype=1","","","Denis Hynes (LAB)","3.0%","2208","2610
(402)","2712
(102)","","","","","","","","null","null","null","null","null"
"1632582522-810","https://irelandelection.com/electiondetail.php?elecid=238&constitid=1&electype=1","","","Alan Hayes (IND)","3.2%","2347","2951
(604)","3383
(432)","3710
(327)","","","","","","","null","null","null","null","null"
"1632582522-803","https://irelandelection.com/electiondetail.php?elecid=238&constitid=1&electype=1","3","","John Paul Phelan (FG)","8.7%","6396","6498
(102)","6547
(49)","6752
(205)","6975
(223)","9429
(2454)","9548
(119)","13172
(3624)","","","null","null","null","null","null"
"1632582522-814","https://irelandelection.com/electiondetail.php?elecid=238&constitid=1&electype=1","","","Angela Ray (IND)","0.3%","214","331
(117)","","","","","","","","","null","null","null","null","null"
"1632582522-813","https://irelandelection.com/electiondetail.php?elecid=238&constitid=1&electype=1","","","Melissa O'Neill (IFP)","0.6%","431","666
(235)","","","","","","","","","null","null","null","null","null"
"1632582522-802","https://irelandelection.com/electiondetail.php?elecid=238&constitid=1&electype=1","2","","John McGuinness (FF)","14.3%","10558","11021
(463)","11298
(277)","11622
(324)","12201
(579)","12612
(411)","","","","","null","null","null","null","null"
"1632582522-804","https://irelandelection.com/electiondetail.php?elecid=238&constitid=1&electype=1","4","","Jennifer Murnane O'Connor (FF)","12.7%","9351","9723
(372)","9895
(172)","10093
(198)","10253
(160)","10333
(80)","10761
(428)","12839
(2078)","12839
(0)","12839
(0)","null","null","null","null","null"
"1632582522-808","https://irelandelection.com/electiondetail.php?elecid=238&constitid=1&electype=1","","","Adrienne Wallace (SOL-PBP)","2.1%","1558","3350
(1792)","3769
(419)","4059
(290)","4776
(717)","4823
(47)","","","","","null","null","null","null","null"
