﻿web-scraper-order,web-scraper-start-url,Seat,Party,Candidate,Share,Count 1,Count 2,Count 3,Count 4,Count 5,Count 6,Count 7,Count 8,Count 9,Count 10,Count 11,Count 12,Count 13,Count 14,Count 15
"1632582646-852","https://irelandelection.com/electiondetail.php?elecid=238&constitid=2&electype=1","","","Sandra McIntyre (FG)","1.8%","1301","1333
(32)","1357
(24)","1365
(8)","1621
(256)","1698
(77)","1719
(21)","","","","","null","null","null","null"
"1632582646-849","https://irelandelection.com/electiondetail.php?elecid=238&constitid=2&electype=1","","","Robbie Gallagher (FF)","7.0%","5062","5306
(244)","5467
(161)","5476
(9)","5603
(127)","5650
(47)","5692
(42)","5740
(48)","6253
(513)","6882
(629)","","null","null","null","null"
"1632582646-844","https://irelandelection.com/electiondetail.php?elecid=238&constitid=2&electype=1","2","","Heather Humphreys (FG)","17.7%","12808","","","","","","","","","","","null","null","null","null"
"1632582646-846","https://irelandelection.com/electiondetail.php?elecid=238&constitid=2&electype=1","4","","Brendan Smith (FF)","10.2%","7354","7434
(80)","7476
(42)","7482
(6)","7519
(37)","7622
(103)","7667
(45)","7840
(173)","8112
(272)","8946
(834)","11004
(2058)","null","null","null","null"
"1632582646-847","https://irelandelection.com/electiondetail.php?elecid=238&constitid=2&electype=1","5","","Niamh Smyth (FF)","8.0%","5745","5889
(144)","5985
(96)","5996
(11)","6053
(57)","6152
(99)","6225
(73)","6322
(97)","6806
(484)","8176
(1370)","10951
(2775)","null","null","null","null"
"1632582646-855","https://irelandelection.com/electiondetail.php?elecid=238&constitid=2&electype=1","","","Joseph Duffy (IND)","0.2%","159","171
(12)","235
(64)","","","","","","","","","null","null","null","null"
"1632582646-851","https://irelandelection.com/electiondetail.php?elecid=238&constitid=2&electype=1","","","Tate Donnelly (GP)","3.5%","2501","2710
(209)","3025
(315)","3061
(36)","3104
(43)","3453
(349)","4075
(622)","4187
(112)","","","","null","null","null","null"
"1632582646-853","https://irelandelection.com/electiondetail.php?elecid=238&constitid=2&electype=1","","","Emmett Smith (SOL-PBP)","1.1%","830","910
(80)","1261
(351)","1279
(18)","1284
(5)","1458
(174)","","","","","","null","null","null","null"
"1632582646-854","https://irelandelection.com/electiondetail.php?elecid=238&constitid=2&electype=1","","","Liam van der Spek (LAB)","1.4%","983","1017
(34)","1128
(111)","1137
(9)","1149
(12)","","","","","","","null","null","null","null"
"1632582646-845","https://irelandelection.com/electiondetail.php?elecid=238&constitid=2&electype=1","3","","Pauline Tully (SF)","14.1%","10166","13457
(3291)","","","","","","","","","","null","null","null","null"
"1632582646-850","https://irelandelection.com/electiondetail.php?elecid=238&constitid=2&electype=1","","","Sarah O'Reilly (Aon)","5.3%","3840","3963
(123)","4204
(241)","4285
(81)","4314
(29)","4416
(102)","4733
(317)","4821
(88)","5745
(924)","","","null","null","null","null"
"1632582646-848","https://irelandelection.com/electiondetail.php?elecid=238&constitid=2&electype=1","","","T.P. O'Reilly (FG)","7.1%","5124","5154
(30)","5175
(21)","5179
(4)","5390
(211)","5469
(79)","5499
(30)","6592
(1093)","7197
(605)","8050
(853)","8646
(596)","null","null","null","null"
"1632582646-843","https://irelandelection.com/electiondetail.php?elecid=238&constitid=2&electype=1","1","","Matt Carthy (SF)","22.6%","16310","","","","","","","","","","","null","null","null","null"
