﻿web-scraper-order,web-scraper-start-url,Seat,Party,Candidate,Share,Count 1,Count 2,Count 3,Count 4,Count 5,Count 6,Count 7,Count 8,Count 9,Count 10,Count 11,Count 12,Count 13,Count 14,Count 15
"1632582575-829","https://irelandelection.com/electiondetail.php?elecid=238&constitid=3&electype=1","2","","Violet-Anne Wynne (SF)","15.1%","8987","8998
(11)","9063
(65)","9142
(79)","9599
(457)","9807
(208)","9889
(82)","10082
(193)","10291
(209)","11903
(1612)","null","null","null","null","null"
"1632582575-842","https://irelandelection.com/electiondetail.php?elecid=238&constitid=3&electype=1","","","Conor O'Brien (REN)","0.3%","187","","","","","","","","","","null","null","null","null","null"
"1632582575-834","https://irelandelection.com/electiondetail.php?elecid=238&constitid=3&electype=1","","","Pat Breen (FG)","9.1%","5406","5409
(3)","5454
(45)","5478
(24)","5494
(16)","5578
(84)","5987
(409)","6401
(414)","","","null","null","null","null","null"
"1632582575-831","https://irelandelection.com/electiondetail.php?elecid=238&constitid=3&electype=1","4","","Joe Carey (FG)","9.6%","5684","5688
(4)","5721
(33)","5745
(24)","5771
(26)","5814
(43)","6485
(671)","6669
(184)","10193
(3524)","11345
(1152)","null","null","null","null","null"
"1632582575-836","https://irelandelection.com/electiondetail.php?elecid=238&constitid=3&electype=1","","","Martin Conway (FG)","3.8%","2285","2287
(2)","2310
(23)","2322
(12)","2340
(18)","2424
(84)","","","","","null","null","null","null","null"
"1632582575-837","https://irelandelection.com/electiondetail.php?elecid=238&constitid=3&electype=1","","","Joseph Woulfe (IND)","2.0%","1218","1226
(8)","1285
(59)","1402
(117)","1504
(102)","","","","","","null","null","null","null","null"
"1632582575-835","https://irelandelection.com/electiondetail.php?elecid=238&constitid=3&electype=1","","","Rita McInerney (FF)","7.0%","4136","4146
(10)","4179
(33)","4233
(54)","4250
(17)","4440
(190)","4606
(166)","","","","null","null","null","null","null"
"1632582575-839","https://irelandelection.com/electiondetail.php?elecid=238&constitid=3&electype=1","","","Michael Leahy (IFP)","1.2%","704","764
(60)","807
(43)","","","","","","","","null","null","null","null","null"
"1632582575-828","https://irelandelection.com/electiondetail.php?elecid=238&constitid=3&electype=1","1","","Michael McNamara (IND)","12.3%","7332","7350
(18)","7465
(115)","7588
(123)","7702
(114)","8169
(467)","8535
(366)","9380
(845)","10113
(733)","12205
(2092)","null","null","null","null","null"
"1632582575-840","https://irelandelection.com/electiondetail.php?elecid=238&constitid=3&electype=1","","","David Barrett (IND)","0.7%","400","404
(4)","","","","","","","","","null","null","null","null","null"
"1632582575-838","https://irelandelection.com/electiondetail.php?elecid=238&constitid=3&electype=1","","","Theresa O'Donohoe (SOL-PBP)","2.0%","1196","1207
(11)","1254
(47)","1286
(32)","","","","","","","null","null","null","null","null"
"1632582575-832","https://irelandelection.com/electiondetail.php?elecid=238&constitid=3&electype=1","","","Timmy Dooley (FF)","13.0%","7763","7767
(4)","7783
(16)","7805
(22)","7826
(21)","7906
(80)","8087
(181)","9250
(1163)","9943
(693)","10630
(687)","null","null","null","null","null"
"1632582575-841","https://irelandelection.com/electiondetail.php?elecid=238&constitid=3&electype=1","","","Trudy Ann Leyden (IND)","0.4%","218","222
(4)","","","","","","","","","null","null","null","null","null"
"1632582575-830","https://irelandelection.com/electiondetail.php?elecid=238&constitid=3&electype=1","3","","Cathal Crowe (FF)","14.0%","8355","8372
(17)","8402
(30)","8508
(106)","8541
(33)","8641
(100)","8834
(193)","10115
(1281)","10659
(544)","11471
(812)","null","null","null","null","null"
"1632582575-833","https://irelandelection.com/electiondetail.php?elecid=238&constitid=3&electype=1","","","Róisín Garvey (GP)","9.5%","5624","5640
(16)","5735
(95)","5778
(43)","6213
(435)","6337
(124)","6626
(289)","6959
(333)","7339
(380)","","null","null","null","null","null"
