﻿web-scraper-order,web-scraper-start-url,Seat,Party,Candidate,Share,Count 1,Count 2,Count 3,Count 4,Count 5,Count 6,Count 7,Count 8,Count 9,Count 10,Count 11,Count 12,Count 13,Count 14,Count 15
"1632582752-900","https://irelandelection.com/electiondetail.php?elecid=238&constitid=4&electype=1","1","","Pat Buckley (SF)","23.1%","12587","","","","","","","","null","null","null","null","null","null","null"
"1632582752-909","https://irelandelection.com/electiondetail.php?elecid=238&constitid=4&electype=1","","","Thomas Kiely (IND)","0.8%","435","579
(144)","629
(50)","","","","","","null","null","null","null","null","null","null"
"1632582752-911","https://irelandelection.com/electiondetail.php?elecid=238&constitid=4&electype=1","","","Shane O'Grady (IND)","0.5%","267","334
(67)","","","","","","","null","null","null","null","null","null","null"
"1632582752-903","https://irelandelection.com/electiondetail.php?elecid=238&constitid=4&electype=1","4","","James O'Connor (FF)","12.9%","7026","7132
(106)","7143
(11)","7188
(45)","7365
(177)","7769
(404)","8093
(324)","9731
(1638)","null","null","null","null","null","null","null"
"1632582752-902","https://irelandelection.com/electiondetail.php?elecid=238&constitid=4&electype=1","3","","David Stanton (FG)","11.3%","6143","6207
(64)","6214
(7)","6245
(31)","6318
(73)","6957
(639)","9576
(2619)","10309
(733)","null","null","null","null","null","null","null"
"1632582752-904","https://irelandelection.com/electiondetail.php?elecid=238&constitid=4&electype=1","","","Kevin O'Keeffe (FF)","13.6%","7414","7502
(88)","7537
(35)","7611
(74)","7916
(305)","8065
(149)","8786
(721)","9078
(292)","null","null","null","null","null","null","null"
"1632582752-912","https://irelandelection.com/electiondetail.php?elecid=238&constitid=4&electype=1","","","Seán O'Leary (IND)","0.1%","64","76
(12)","","","","","","","null","null","null","null","null","null","null"
"1632582752-907","https://irelandelection.com/electiondetail.php?elecid=238&constitid=4&electype=1","","","Liam Quaide (GP)","6.9%","3749","4024
(275)","4075
(51)","4228
(153)","4442
(214)","","","","null","null","null","null","null","null","null"
"1632582752-908","https://irelandelection.com/electiondetail.php?elecid=238&constitid=4&electype=1","","","Conor Hannon (Aon)","2.5%","1337","1500
(163)","1522
(22)","1698
(176)","","","","","null","null","null","null","null","null","null"
"1632582752-906","https://irelandelection.com/electiondetail.php?elecid=238&constitid=4&electype=1","","","Pa O'Driscoll (FG)","8.3%","4554","4591
(37)","4604
(13)","4654
(50)","4736
(82)","4974
(238)","","","null","null","null","null","null","null","null"
"1632582752-910","https://irelandelection.com/electiondetail.php?elecid=238&constitid=4&electype=1","","","Frank Shinnick (IFP)","0.8%","455","560
(105)","598
(38)","","","","","","null","null","null","null","null","null","null"
"1632582752-905","https://irelandelection.com/electiondetail.php?elecid=238&constitid=4&electype=1","","","Mary Linehan-Foley (IND)","7.2%","3903","4288
(385)","4363
(75)","4685
(322)","5063
(378)","5884
(821)","5986
(102)","","null","null","null","null","null","null","null"
"1632582752-901","https://irelandelection.com/electiondetail.php?elecid=238&constitid=4&electype=1","2","","Seán Sherlock (LAB)","12.1%","6610","6842
(232)","6926
(84)","7129
(203)","7289
(160)","8933
(1644)","9894
(961)","11237
(1343)","null","null","null","null","null","null","null"
