﻿web-scraper-order,web-scraper-start-url,Seat,Party,Candidate,Share,Count 1,Count 2,Count 3,Count 4,Count 5,Count 6,Count 7,Count 8,Count 9,Count 10,Count 11,Count 12,Count 13,Count 14,Count 15
"1632582864-950","https://irelandelection.com/electiondetail.php?elecid=238&constitid=7&electype=1","","","Paudie Dineen (IND)","0.8%","429","697
(268)","898
(201)","","","","","","null","null","null","null","null","null","null"
"1632582864-945","https://irelandelection.com/electiondetail.php?elecid=238&constitid=7&electype=1","","","Jerry Buttimer (FG)","4.9%","2828","2869
(41)","2882
(13)","2897
(15)","2926
(29)","3066
(140)","3112
(46)","","null","null","null","null","null","null","null"
"1632582864-946","https://irelandelection.com/electiondetail.php?elecid=238&constitid=7&electype=1","","","Bobby Murray Walsh (SOL-PBP)","1.3%","764","1360
(596)","1466
(106)","1651
(185)","1977
(326)","2120
(143)","2377
(257)","","null","null","null","null","null","null","null"
"1632582864-944","https://irelandelection.com/electiondetail.php?elecid=238&constitid=7&electype=1","","","Lorna Bogue (GP)","9.4%","5379","5787
(408)","5833
(46)","5931
(98)","6448
(517)","7184
(736)","7537
(353)","9179
(1642)","null","null","null","null","null","null","null"
"1632582864-947","https://irelandelection.com/electiondetail.php?elecid=238&constitid=7&electype=1","","","Anna Daly (Aon)","2.4%","1350","1495
(145)","1565
(70)","1664
(99)","1736
(72)","1821
(85)","","","null","null","null","null","null","null","null"
"1632582864-942","https://irelandelection.com/electiondetail.php?elecid=238&constitid=7&electype=1","3","","Simon Coveney (FG)","16.3%","9327","9408
(81)","9439
(31)","9465
(26)","9525
(60)","9720
(195)","9847
(127)","12170
(2323)","null","null","null","null","null","null","null"
"1632582864-941","https://irelandelection.com/electiondetail.php?elecid=238&constitid=7&electype=1","2","","Micheál Martin (FF)","19.3%","11023","11197
(174)","11234
(37)","11297
(63)","11360
(63)","11505
(145)","","","null","null","null","null","null","null","null"
"1632582864-952","https://irelandelection.com/electiondetail.php?elecid=238&constitid=7&electype=1","","","Seán O'Leary (IND)","0.2%","102","158
(56)","","","","","","","null","null","null","null","null","null","null"
"1632582864-951","https://irelandelection.com/electiondetail.php?elecid=238&constitid=7&electype=1","","","William O'Brien (IND)","0.4%","202","381
(179)","","","","","","","null","null","null","null","null","null","null"
"1632582864-949","https://irelandelection.com/electiondetail.php?elecid=238&constitid=7&electype=1","","","Patricia O'Dwyer (SD)","1.9%","1077","1311
(234)","1367
(56)","1439
(72)","","","","","null","null","null","null","null","null","null"
"1632582864-943","https://irelandelection.com/electiondetail.php?elecid=238&constitid=7&electype=1","4","","Michael McGrath (FF)","16.2%","9236","9499
(263)","9527
(28)","9576
(49)","9636
(60)","9775
(139)","10350
(575)","10809
(459)","null","null","null","null","null","null","null"
"1632582864-948","https://irelandelection.com/electiondetail.php?elecid=238&constitid=7&electype=1","","","Ciara Kennedy (LAB)","2.2%","1263","1404
(141)","1424
(20)","1490
(66)","1707
(217)","","","","null","null","null","null","null","null","null"
"1632582864-953","https://irelandelection.com/electiondetail.php?elecid=238&constitid=7&electype=1","","","John Donohoe (IND)","0.2%","103","145
(42)","","","","","","","null","null","null","null","null","null","null"
"1632582864-940","https://irelandelection.com/electiondetail.php?elecid=238&constitid=7&electype=1","1","","Donnchadh Ó Laoghaire (SF)","24.6%","14057","","","","","","","","null","null","null","null","null","null","null"
