﻿web-scraper-order,web-scraper-start-url,Seat,Party,Candidate,Share,Count 1,Count 2,Count 3,Count 4,Count 5,Count 6,Count 7,Count 8,Count 9,Count 10,Count 11,Count 12,Count 13,Count 14,Count 15
"1632582897-965","https://irelandelection.com/electiondetail.php?elecid=238&constitid=8&electype=1","","","Seán O'Leary (IND)","0.1%","33","35
(2)","","","","","","","null","null","null","null","null","null","null"
"1632582897-964","https://irelandelection.com/electiondetail.php?elecid=238&constitid=8&electype=1","","","Kevin O'Connor (SOL-PBP)","1.0%","427","435
(8)","","","","","","","null","null","null","null","null","null","null"
"1632582897-958","https://irelandelection.com/electiondetail.php?elecid=238&constitid=8&electype=1","","","Paul Hayes (SF)","10.8%","4777","4881
(104)","5075
(194)","5229
(154)","5462
(233)","5542
(80)","5832
(290)","","null","null","null","null","null","null","null"
"1632582897-959","https://irelandelection.com/electiondetail.php?elecid=238&constitid=8&electype=1","","","Margaret Murphy-O'Mahony (FF)","9.2%","4077","4163
(86)","4274
(111)","4352
(78)","4761
(409)","4863
(102)","","","null","null","null","null","null","null","null"
"1632582897-955","https://irelandelection.com/electiondetail.php?elecid=238&constitid=8&electype=1","2","","Christopher O'Sullivan (FF)","14.1%","6262","6400
(138)","6503
(103)","6602
(99)","6960
(358)","7228
(268)","10273
(3045)","11262
(989)","null","null","null","null","null","null","null"
"1632582897-960","https://irelandelection.com/electiondetail.php?elecid=238&constitid=8&electype=1","","","Karen Coakley (FG)","5.7%","2526","2577
(51)","2595
(18)","2698
(103)","2747
(49)","","","","null","null","null","null","null","null","null"
"1632582897-962","https://irelandelection.com/electiondetail.php?elecid=238&constitid=8&electype=1","","","Bernadette Connolly (GP)","3.7%","1647","1663
(16)","1765
(102)","","","","","","null","null","null","null","null","null","null"
"1632582897-954","https://irelandelection.com/electiondetail.php?elecid=238&constitid=8&electype=1","1","","Michael Collins (IND)","26.4%","11712","","","","","","","","null","null","null","null","null","null","null"
"1632582897-961","https://irelandelection.com/electiondetail.php?elecid=238&constitid=8&electype=1","","","Alan Coleman (IND)","4.1%","1801","1843
(42)","1950
(107)","2025
(75)","","","","","null","null","null","null","null","null","null"
"1632582897-963","https://irelandelection.com/electiondetail.php?elecid=238&constitid=8&electype=1","","","Mairéad Ruane (Aon)","1.2%","515","531
(16)","","","","","","","null","null","null","null","null","null","null"
"1632582897-956","https://irelandelection.com/electiondetail.php?elecid=238&constitid=8&electype=1","3","","Holly McKeever Cairns (SD)","10.6%","4696","4808
(112)","5008
(200)","5994
(986)","6280
(286)","6593
(313)","7055
(462)","10078
(3023)","null","null","null","null","null","null","null"
"1632582897-957","https://irelandelection.com/electiondetail.php?elecid=238&constitid=8&electype=1","","","Tim Lombard (FG)","13.2%","5865","5917
(52)","5982
(65)","6170
(188)","6669
(499)","8557
(1888)","9133
(576)","9526
(393)","null","null","null","null","null","null","null"
