﻿web-scraper-order,web-scraper-start-url,Seat,Party,Candidate,Share,Count 1,Count 2,Count 3,Count 4,Count 5,Count 6,Count 7,Count 8,Count 9,Count 10,Count 11,Count 12,Count 13,Count 14,Count 15
"1632582824-933","https://irelandelection.com/electiondetail.php?elecid=238&constitid=6&electype=1","3","","Aindrias Moynihan (FF)","20.8%","9628","9700
(72)","10019
(319)","10679
(660)","11173
(494)","null","null","null","null","null","null","null","null","null","null"
"1632582824-935","https://irelandelection.com/electiondetail.php?elecid=238&constitid=6&electype=1","","","John Paul O'Shea (FG)","15.2%","7065","7120
(55)","7352
(232)","7816
(464)","","null","null","null","null","null","null","null","null","null","null"
"1632582824-934","https://irelandelection.com/electiondetail.php?elecid=238&constitid=6&electype=1","","","Ciarán McCarthy (SD)","8.3%","3845","4241
(396)","5918
(1677)","8079
(2161)","","null","null","null","null","null","null","null","null","null","null"
"1632582824-939","https://irelandelection.com/electiondetail.php?elecid=238&constitid=6&electype=1","","","Seán O'Leary (IND)","1.1%","515","","","","","null","null","null","null","null","null","null","null","null","null"
"1632582824-937","https://irelandelection.com/electiondetail.php?elecid=238&constitid=6&electype=1","","","Colette Finn (GP)","7.5%","3495","3694
(199)","","","","null","null","null","null","null","null","null","null","null","null"
"1632582824-936","https://irelandelection.com/electiondetail.php?elecid=238&constitid=6&electype=1","","","Becky Kealy (Aon)","8.4%","3877","4354
(477)","5066
(712)","","","null","null","null","null","null","null","null","null","null","null"
"1632582824-932","https://irelandelection.com/electiondetail.php?elecid=238&constitid=6&electype=1","2","","Michael Moynihan (FF)","18.7%","8651","8698
(47)","8817
(119)","9269
(452)","11240
(1971)","null","null","null","null","null","null","null","null","null","null"
"1632582824-931","https://irelandelection.com/electiondetail.php?elecid=238&constitid=6&electype=1","1","","Michael Creed (FG)","18.0%","8338","8376
(38)","8772
(396)","9099
(327)","13060
(3961)","null","null","null","null","null","null","null","null","null","null"
"1632582824-938","https://irelandelection.com/electiondetail.php?elecid=238&constitid=6&electype=1","","","Tara Nic Domhnaill (IFP)","2.1%","956","","","","","null","null","null","null","null","null","null","null","null","null"
