﻿web-scraper-order,web-scraper-start-url,Seat,Party,Candidate,Share,Count 1,Count 2,Count 3,Count 4,Count 5,Count 6,Count 7,Count 8,Count 9,Count 10,Count 11,Count 12,Count 13,Count 14,Count 15
"1632582785-924","https://irelandelection.com/electiondetail.php?elecid=238&constitid=5&electype=1","","","Sandra Murphy (FF)","2.4%","1218","1173
(-45)","1178
(5)","1181
(3)","1185
(4)","1221
(36)","","","","","","","","",""
"1632582785-922","https://irelandelection.com/electiondetail.php?elecid=238&constitid=5&electype=1","","","Lorraine O'Neill (FG)","2.2%","1156","1295
(139)","1309
(14)","1325
(16)","1396
(71)","1444
(48)","1465
(21)","1503
(38)","","","","","","",""
"1632582785-927","https://irelandelection.com/electiondetail.php?elecid=238&constitid=5&electype=1","","","James Coughlan (WP)","0.3%","180","301
(121)","311
(10)","327
(16)","","","","","","","","","","",""
"1632582785-918","https://irelandelection.com/electiondetail.php?elecid=238&constitid=5&electype=1","","","Oliver Moran (GP)","6.2%","3205","3381
(176)","3403
(22)","3410
(7)","3452
(42)","3529
(77)","3617
(88)","3688
(71)","4181
(493)","4304
(123)","5206
(902)","5416
(210)","5738
(322)","",""
"1632582785-928","https://irelandelection.com/electiondetail.php?elecid=238&constitid=5&electype=1","","","Diarmaid Ó Cadhla (IND)","0.4%","230","270
(40)","288
(18)","","","","","","","","","","","",""
"1632582785-929","https://irelandelection.com/electiondetail.php?elecid=238&constitid=5&electype=1","","","Seán O'Leary (IND)","0.3%","137","152
(15)","","","","","","","","","","","","",""
"1632582785-920","https://irelandelection.com/electiondetail.php?elecid=238&constitid=5&electype=1","","","John Maher (LAB)","4.9%","2561","2855
(294)","2864
(9)","2869
(5)","2939
(70)","3056
(117)","3128
(72)","3183
(55)","3428
(245)","3513
(85)","","","","",""
"1632582785-921","https://irelandelection.com/electiondetail.php?elecid=238&constitid=5&electype=1","","","Finian Toomey (Aon)","2.6%","1325","1430
(105)","1449
(19)","1507
(58)","1540
(33)","1571
(31)","1584
(13)","1602
(18)","1647
(45)","","","","","",""
"1632582785-917","https://irelandelection.com/electiondetail.php?elecid=238&constitid=5&electype=1","","","Kenneth O'Flynn (IND)","7.7%","3994","4422
(428)","4438
(16)","4478
(40)","4546
(68)","4672
(126)","4700
(28)","4754
(54)","4830
(76)","5401
(571)","5928
(527)","6394
(466)","6771
(377)","7280
(509)","7280
(509)"
"1632582785-919","https://irelandelection.com/electiondetail.php?elecid=238&constitid=5&electype=1","","","Tony Fitzgerald (FF)","6.4%","3338","3512
(174)","3526
(14)","3531
(5)","3576
(45)","3588
(12)","3610
(22)","3927
(317)","3961
(34)","4062
(101)","4256
(194)","","","",""
"1632582785-914","https://irelandelection.com/electiondetail.php?elecid=238&constitid=5&electype=1","2","","Pádraig O'Sullivan (FF)","15.8%","8158","8247
(89)","8259
(12)","8269
(10)","8276
(7)","8461
(185)","8624
(163)","9179
(555)","9242
(63)","9417
(175)","9821
(404)","12099
(2278)","","",""
"1632582785-915","https://irelandelection.com/electiondetail.php?elecid=238&constitid=5&electype=1","3","","Colm Burke (FG)","12.8%","6646","6717
(71)","6731
(14)","6738
(7)","6748
(10)","6775
(27)","7486
(711)","7617
(131)","7687
(70)","7783
(96)","8201
(418)","8670
(469)","9117
(447)","10649
(1532)","10649
(1532)"
"1632582785-925","https://irelandelection.com/electiondetail.php?elecid=238&constitid=5&electype=1","","","Ger Keohane (IND)","1.3%","694","759
(65)","766
(7)","783
(17)","866
(83)","","","","","","","","","",""
"1632582785-930","https://irelandelection.com/electiondetail.php?elecid=238&constitid=5&electype=1","","","Stephen O'Donovan (IND)","0.1%","44","83
(39)","","","","","","","","","","","","",""
"1632582785-923","https://irelandelection.com/electiondetail.php?elecid=238&constitid=5&electype=1","","","Sinéad Halpin (SD)","2.2%","1121","1256
(135)","1264
(8)","1267
(3)","1278
(11)","1283
(5)","1329
(46)","","","","","","","",""
"1632582785-926","https://irelandelection.com/electiondetail.php?elecid=238&constitid=5&electype=1","","","Timothy J. Hogan (IND)","0.5%","257","407
(150)","427
(20)","454
(27)","","","","","","","","","","",""
"1632582785-916","https://irelandelection.com/electiondetail.php?elecid=238&constitid=5&electype=1","4","","Mick Barry (SOL-PBP)","7.2%","3703","5162
(1459)","5185
(23)","5229
(44)","5457
(228)","5576
(119)","5594
(18)","5628
(34)","5981
(353)","6199
(218)","6815
(616)","7205
(390)","7425
(220)","9396
(1971)","9396
(1971)"
"1632582785-913","https://irelandelection.com/electiondetail.php?elecid=238&constitid=5&electype=1","1","","Thomas Gould (SF)","26.7%","13811","","","","","","","","","","","","","",""
