﻿web-scraper-order,web-scraper-start-url,Seat,Party,Candidate,Share,Count 1,Count 2,Count 3,Count 4,Count 5,Count 6,Count 7,Count 8,Count 9,Count 10,Count 11,Count 12,Count 13,Count 14,Count 15
"1632583847-1171","https://irelandelection.com/electiondetail.php?elecid=238&constitid=26&electype=1","","","Dave Quinn (SD)","2.2%","1382","1539
(157)","","","","","","","null","null","null","null","null","null","null"
"1632583847-1170","https://irelandelection.com/electiondetail.php?elecid=238&constitid=26&electype=1","","","Juliet O'Connell (LAB)","4.8%","3009","3048
(39)","3372
(324)","","","","","","null","null","null","null","null","null","null"
"1632583847-1166","https://irelandelection.com/electiondetail.php?elecid=238&constitid=26&electype=1","","","Mary Mitchell-O'Connor (FG)","11.8%","7330","7355
(25)","7440
(85)","7685
(245)","8067
(382)","10136
(2069)","10281
(145)","10612
(331)","null","null","null","null","null","null","null"
"1632583847-1173","https://irelandelection.com/electiondetail.php?elecid=238&constitid=26&electype=1","","","John Waters (IND)","1.5%","925","","","","","","","","null","null","null","null","null","null","null"
"1632583847-1162","https://irelandelection.com/electiondetail.php?elecid=238&constitid=26&electype=1","1","","Ossian Smyth (GP)","14.9%","9300","9391
(91)","10170
(779)","11532
(1362)","11900
(368)","12510
(610)","","","null","null","null","null","null","null","null"
"1632583847-1164","https://irelandelection.com/electiondetail.php?elecid=238&constitid=26&electype=1","3","","Jennifer Carroll MacNeill (FG)","12.4%","7754","7787
(33)","7891
(104)","8337
(446)","8656
(319)","11488
(2832)","11666
(178)","12061
(395)","null","null","null","null","null","null","null"
"1632583847-1174","https://irelandelection.com/electiondetail.php?elecid=238&constitid=26&electype=1","","","Con Óg Ó Laoghaire (IFP)","0.2%","119","","","","","","","","null","null","null","null","null","null","null"
"1632583847-1163","https://irelandelection.com/electiondetail.php?elecid=238&constitid=26&electype=1","2","","Richard Boyd Barrett (SOL-PBP)","15.5%","9632","9746
(114)","10119
(373)","10628
(509)","10902
(274)","11119
(217)","16364
(5245)","","null","null","null","null","null","null","null"
"1632583847-1169","https://irelandelection.com/electiondetail.php?elecid=238&constitid=26&electype=1","","","Mary Hanafin (FF)","6.7%","4196","4262
(66)","4603
(341)","4752
(149)","","","","","null","null","null","null","null","null","null"
"1632583847-1167","https://irelandelection.com/electiondetail.php?elecid=238&constitid=26&electype=1","","","Shane O'Brien (SF)","9.6%","6002","6054
(52)","6226
(172)","6349
(123)","6401
(52)","6432
(31)","","","null","null","null","null","null","null","null"
"1632583847-1165","https://irelandelection.com/electiondetail.php?elecid=238&constitid=26&electype=1","4","","Cormac Devlin (FF)","9.2%","5715","5796
(81)","6331
(535)","6530
(199)","9527
(2997)","9994
(467)","10301
(307)","11071
(770)","null","null","null","null","null","null","null"
"1632583847-1172","https://irelandelection.com/electiondetail.php?elecid=238&constitid=26&electype=1","","","Mairéad Tóibín (Aon)","1.9%","1185","1419
(234)","","","","","","","null","null","null","null","null","null","null"
"1632583847-1168","https://irelandelection.com/electiondetail.php?elecid=238&constitid=26&electype=1","","","Barry Ward (FG)","9.2%","5744","5815
(71)","5892
(77)","6140
(248)","6349
(209)","","","","null","null","null","null","null","null","null"
