﻿web-scraper-order,web-scraper-start-url,Seat,Party,Candidate,Share,Count 1,Count 2,Count 3,Count 4,Count 5,Count 6,Count 7,Count 8,Count 9,Count 10,Count 11,Count 12,Count 13,Count 14,Count 15
"1632582927-967","https://irelandelection.com/electiondetail.php?elecid=238&constitid=52&electype=1","2","","Padraig MacLochlainn (SF)","17.9%","13891","","","","","","","","","null","null","null","null","null","null"
"1632582927-973","https://irelandelection.com/electiondetail.php?elecid=238&constitid=52&electype=1","","","Martin Harley (FG)","3.9%","3056","3491
(435)","3502
(11)","3526
(24)","3650
(124)","3771
(121)","3896
(125)","","","null","null","null","null","null","null"
"1632582927-969","https://irelandelection.com/electiondetail.php?elecid=238&constitid=52&electype=1","4","","Joe McHugh (FG)","9.8%","7621","8093
(472)","8129
(36)","8170
(41)","8309
(139)","8740
(431)","8988
(248)","10920
(1932)","12104
(1184)","null","null","null","null","null","null"
"1632582927-968","https://irelandelection.com/electiondetail.php?elecid=238&constitid=52&electype=1","3","","Thomas Pringle (IND)","7.1%","5472","8270
(2798)","8521
(251)","8621
(100)","8947
(326)","9637
(690)","10241
(604)","10755
(514)","12245
(1490)","null","null","null","null","null","null"
"1632582927-966","https://irelandelection.com/electiondetail.php?elecid=238&constitid=52&electype=1","1","","Pearse Doherty (SF)","27.2%","21044","","","","","","","","","null","null","null","null","null","null"
"1632582927-972","https://irelandelection.com/electiondetail.php?elecid=238&constitid=52&electype=1","","","John O'Donnell (IND)","6.1%","4735","5620
(885)","5780
(160)","5891
(111)","6168
(277)","6294
(126)","6956
(662)","7106
(150)","","null","null","null","null","null","null"
"1632582927-970","https://irelandelection.com/electiondetail.php?elecid=238&constitid=52&electype=1","5","","Charlie McConalogue (FF)","10.8%","8347","8871
(524)","9022
(151)","9078
(56)","9425
(347)","9633
(208)","10054
(421)","10270
(216)","11432
(1162)","null","null","null","null","null","null"
"1632582927-976","https://irelandelection.com/electiondetail.php?elecid=238&constitid=52&electype=1","","","Peter Casey (IND)","1.5%","1143","1804
(661)","1950
(146)","2132
(182)","","","","","","null","null","null","null","null","null"
"1632582927-974","https://irelandelection.com/electiondetail.php?elecid=238&constitid=52&electype=1","","","Mary T Sweeney (Aon)","3.1%","2382","2827
(445)","2907
(80)","3128
(221)","3349
(221)","3600
(251)","","","","null","null","null","null","null","null"
"1632582927-977","https://irelandelection.com/electiondetail.php?elecid=238&constitid=52&electype=1","","","Niall Mcconnell (IND)","0.7%","580","803
(223)","832
(29)","","","","","","","null","null","null","null","null","null"
"1632582927-971","https://irelandelection.com/electiondetail.php?elecid=238&constitid=52&electype=1","","","Pat the Cope Gallagher (FF)","9.6%","7469","8661
(1192)","8688
(27)","8729
(41)","8905
(176)","9035
(130)","9518
(483)","10146
(628)","11074
(928)","null","null","null","null","null","null"
"1632582927-978","https://irelandelection.com/electiondetail.php?elecid=238&constitid=52&electype=1","","","Arthur McGuinness (IND)","0.1%","56","99
(43)","109
(10)","","","","","","","null","null","null","null","null","null"
"1632582927-975","https://irelandelection.com/electiondetail.php?elecid=238&constitid=52&electype=1","","","Michael White (GP)","2.1%","1656","2113
(457)","2194
(81)","2220
(26)","2339
(119)","","","","","null","null","null","null","null","null"
