﻿web-scraper-order,web-scraper-start-url,Seat,Party,Candidate,Share,Count 1,Count 2,Count 3,Count 4,Count 5,Count 6,Count 7,Count 8,Count 9,Count 10,Count 11,Count 12,Count 13,Count 14,Count 15
"1632583130-1087","https://irelandelection.com/electiondetail.php?elecid=238&constitid=15&electype=1","","","Caitríona McClean (FF)","1.5%","667","674
(7)","677
(3)","","","","","","","null","null","null","null","null","null"
"1632583130-1085","https://irelandelection.com/electiondetail.php?elecid=238&constitid=15&electype=1","","","Joanna Tuffy (LAB)","3.4%","1541","1573
(32)","1599
(26)","1679
(80)","1751
(72)","","","","","null","null","null","null","null","null"
"1632583130-1077","https://irelandelection.com/electiondetail.php?elecid=238&constitid=15&electype=1","1","","Eoin Ó Broin (SF)","26.1%","11842","","","","","","","","","null","null","null","null","null","null"
"1632583130-1080","https://irelandelection.com/electiondetail.php?elecid=238&constitid=15&electype=1","4","","Gino Kenny (SOL-PBP)","7.9%","3572","3819
(247)","4228
(409)","4416
(188)","4871
(455)","5115
(244)","6153
(1038)","6302
(149)","8089
(1787)","null","null","null","null","null","null"
"1632583130-1083","https://irelandelection.com/electiondetail.php?elecid=238&constitid=15&electype=1","","","Vicki Casserly (FG)","7.7%","3501","3518
(17)","3529
(11)","3582
(53)","3616
(34)","3835
(219)","4208
(373)","","","null","null","null","null","null","null"
"1632583130-1078","https://irelandelection.com/electiondetail.php?elecid=238&constitid=15&electype=1","2","","Mark Ward (SF)","16.8%","7621","9808
(2187)","","","","","","","","null","null","null","null","null","null"
"1632583130-1084","https://irelandelection.com/electiondetail.php?elecid=238&constitid=15&electype=1","","","Peter Kavanagh (GP)","6.1%","2785","2855
(70)","2924
(69)","3031
(107)","3229
(198)","3669
(440)","","","","null","null","null","null","null","null"
"1632583130-1081","https://irelandelection.com/electiondetail.php?elecid=238&constitid=15&electype=1","","","John Curran (FF)","10.8%","4931","4980
(49)","4997
(17)","5449
(452)","5555
(106)","5704
(149)","6049
(345)","6454
(405)","7383
(929)","null","null","null","null","null","null"
"1632583130-1079","https://irelandelection.com/electiondetail.php?elecid=238&constitid=15&electype=1","3","","Emer Higgins (FG)","9.9%","4487","4514
(27)","4526
(12)","4571
(45)","4651
(80)","4879
(228)","5370
(491)","8230
(2860)","9735
(1505)","null","null","null","null","null","null"
"1632583130-1082","https://irelandelection.com/electiondetail.php?elecid=238&constitid=15&electype=1","","","Paul Gogarty (IND)","6.5%","2950","2994
(44)","3049
(55)","3186
(137)","3427
(241)","3784
(357)","4836
(1052)","5412
(576)","","null","null","null","null","null","null"
"1632583130-1088","https://irelandelection.com/electiondetail.php?elecid=238&constitid=15&electype=1","","","David Gardiner (WP)","1.0%","452","466
(14)","503
(37)","","","","","","","null","null","null","null","null","null"
"1632583130-1086","https://irelandelection.com/electiondetail.php?elecid=238&constitid=15&electype=1","","","Francis Timmons (IND)","2.4%","1103","1160
(57)","1238
(78)","1299
(61)","","","","","","null","null","null","null","null","null"
