﻿web-scraper-order,web-scraper-start-url,Seat,Party,Candidate,Share,Count 1,Count 2,Count 3,Count 4,Count 5,Count 6,Count 7,Count 8,Count 9,Count 10,Count 11,Count 12,Count 13,Count 14,Count 15
"1632583153-1096","https://irelandelection.com/electiondetail.php?elecid=238&constitid=19&electype=1","","","Stephen Redmond (NAT)","1.5%","471","776
(305)","850
(74)","","","","null","null","null","null","null","null","null","null","null"
"1632583153-1089","https://irelandelection.com/electiondetail.php?elecid=238&constitid=19&electype=1","1","","Dessie Ellis (SF)","44.4%","14375","","","","","","null","null","null","null","null","null","null","null","null"
"1632583153-1097","https://irelandelection.com/electiondetail.php?elecid=238&constitid=19&electype=1","","","Ian Croft (IND)","0.6%","209","448
(239)","","","","","null","null","null","null","null","null","null","null","null"
"1632583153-1095","https://irelandelection.com/electiondetail.php?elecid=238&constitid=19&electype=1","","","Andrew Montague (LAB)","2.6%","848","1149
(301)","1204
(55)","1240
(36)","","","null","null","null","null","null","null","null","null","null"
"1632583153-1094","https://irelandelection.com/electiondetail.php?elecid=238&constitid=19&electype=1","","","Caroline Conroy (GP)","4.8%","1548","2101
(553)","2204
(103)","2291
(87)","","","null","null","null","null","null","null","null","null","null"
"1632583153-1091","https://irelandelection.com/electiondetail.php?elecid=238&constitid=19&electype=1","3","","Paul McAuliffe (FF)","12.0%","3902","4304
(402)","4341
(37)","4456
(115)","5061
(605)","7403
(2342)","null","null","null","null","null","null","null","null","null"
"1632583153-1090","https://irelandelection.com/electiondetail.php?elecid=238&constitid=19&electype=1","2","","Róisín Shortall (SD)","18.9%","6124","7896
(1772)","7990
(94)","8148
(158)","","","null","null","null","null","null","null","null","null","null"
"1632583153-1098","https://irelandelection.com/electiondetail.php?elecid=238&constitid=19&electype=1","","","Niall Fitzgerald (IND)","0.4%","115","236
(121)","","","","","null","null","null","null","null","null","null","null","null"
"1632583153-1092","https://irelandelection.com/electiondetail.php?elecid=238&constitid=19&electype=1","","","Conor Reddy (SOL-PBP)","3.8%","1215","3681
(2466)","3870
(189)","4081
(211)","5497
(1416)","6308
(811)","null","null","null","null","null","null","null","null","null"
"1632583153-1093","https://irelandelection.com/electiondetail.php?elecid=238&constitid=19&electype=1","","","Noel Rock (FG)","11.1%","3579","3698
(119)","3732
(34)","3749
(17)","4638
(889)","","null","null","null","null","null","null","null","null","null"
