﻿web-scraper-order,web-scraper-start-url,Seat,Party,Candidate,Share,Count 1,Count 2,Count 3,Count 4,Count 5,Count 6,Count 7,Count 8,Count 9,Count 10,Count 11,Count 12,Count 13,Count 14,Count 15
"1632583705-1136","https://irelandelection.com/electiondetail.php?elecid=238&constitid=24&electype=1","3","","Colm Brophy (FG)","12.2%","8269","8382
(113)","8464
(82)","8543
(79)","10641
(2098)","10908
(267)","10934
(26)","11131
(197)","11143
(12)","11543
(400)","","null","null","null","null"
"1632583705-1134","https://irelandelection.com/electiondetail.php?elecid=238&constitid=24&electype=1","1","","Seán Crowe (SF)","29.7%","20077","","","","","","","","","","","null","null","null","null"
"1632583705-1143","https://irelandelection.com/electiondetail.php?elecid=238&constitid=24&electype=1","","","Sandra Fay (SOL-PBP)","2.4%","1653","3224
(1571)","3321
(97)","3627
(306)","3641
(14)","3696
(55)","","","","","","null","null","null","null"
"1632583705-1137","https://irelandelection.com/electiondetail.php?elecid=238&constitid=24&electype=1","4","","Francis Duffy (GP)","7.3%","4961","5551
(590)","5701
(150)","5914
(213)","6112
(198)","6354
(242)","6516
(162)","7598
(1082)","7955
(357)","8393
(438)","11138
(2745)","null","null","null","null"
"1632583705-1147","https://irelandelection.com/electiondetail.php?elecid=238&constitid=24&electype=1","","","Anne Marie Condren (REN)","1.3%","886","985
(99)","","","","","","","","","","null","null","null","null"
"1632583705-1144","https://irelandelection.com/electiondetail.php?elecid=238&constitid=24&electype=1","","","Deirdre O'Donovan (FF)","4.9%","3314","3407
(93)","3489
(82)","3523
(34)","3639
(116)","","","","","","","null","null","null","null"
"1632583705-1139","https://irelandelection.com/electiondetail.php?elecid=238&constitid=24&electype=1","","","Katherine Zappone (IND)","5.5%","3708","4141
(433)","4198
(57)","4441
(243)","4800
(359)","5142
(342)","5298
(156)","5864
(566)","6142
(278)","6730
(588)","8050
(1320)","null","null","null","null"
"1632583705-1135","https://irelandelection.com/electiondetail.php?elecid=238&constitid=24&electype=1","2","","Paul Murphy (SOL-PBP)","6.6%","4477","7921
(3444)","8058
(137)","8495
(437)","8523
(28)","8622
(99)","11028
(2406)","12311
(1283)","","","","null","null","null","null"
"1632583705-1146","https://irelandelection.com/electiondetail.php?elecid=238&constitid=24&electype=1","","","Mick Duff (IND)","1.9%","1268","1990
(722)","2210
(220)","","","","","","","","","null","null","null","null"
"1632583705-1141","https://irelandelection.com/electiondetail.php?elecid=238&constitid=24&electype=1","","","Charlie O'Connor (FF)","5.0%","3376","3642
(266)","3846
(204)","4063
(217)","4123
(60)","4903
(780)","4984
(81)","5127
(143)","5165
(38)","","","null","null","null","null"
"1632583705-1142","https://irelandelection.com/electiondetail.php?elecid=238&constitid=24&electype=1","","","Carly Bailey (SD)","4.1%","2761","3598
(837)","3727
(129)","3970
(243)","4020
(50)","4136
(116)","4555
(419)","","","","","null","null","null","null"
"1632583705-1145","https://irelandelection.com/electiondetail.php?elecid=238&constitid=24&electype=1","","","Ellen O'Malley Dunlop (FG)","4.6%","3111","3144
(33)","3172
(28)","3197
(25)","","","","","","","","null","null","null","null"
"1632583705-1140","https://irelandelection.com/electiondetail.php?elecid=238&constitid=24&electype=1","","","Ciarán Ahern (LAB)","5.3%","3603","3905
(302)","4003
(98)","4129
(126)","4286
(157)","4482
(196)","4564
(82)","5256
(692)","5447
(191)","5803
(356)","","null","null","null","null"
"1632583705-1148","https://irelandelection.com/electiondetail.php?elecid=238&constitid=24&electype=1","","","Philip Dwyer (NAT)","0.8%","508","617
(109)","","","","","","","","","","null","null","null","null"
"1632583705-1138","https://irelandelection.com/electiondetail.php?elecid=238&constitid=24&electype=1","5","","John Lahart (FF)","8.1%","5503","5656
(153)","5756
(100)","5817
(61)","5900
(83)","7331
(1431)","7366
(35)","7498
(132)","7518
(20)","10100
(2582)","10974
(874)","null","null","null","null"
"1632583705-1149","https://irelandelection.com/electiondetail.php?elecid=238&constitid=24&electype=1","","","Colm O'Keeffe (IND)","0.1%","90","141
(51)","","","","","","","","","","null","null","null","null"
