﻿web-scraper-order,web-scraper-start-url,Seat,Party,Candidate,Share,Count 1,Count 2,Count 3,Count 4,Count 5,Count 6,Count 7,Count 8,Count 9,Count 10,Count 11,Count 12,Count 13,Count 14,Count 15
"1632583077-1057","https://irelandelection.com/electiondetail.php?elecid=238&constitid=13&electype=1","","","Sarah Louise Mulligan (IND)","0.4%","124","153
(29)","","","","","","","","null","null","null","null","null","null"
"1632583077-1060","https://irelandelection.com/electiondetail.php?elecid=238&constitid=13&electype=1","","","Seán O'Leary (IND)","0.0%","12","19
(7)","","","","","","","","null","null","null","null","null","null"
"1632583077-1055","https://irelandelection.com/electiondetail.php?elecid=238&constitid=13&electype=1","","","Deirdre Duffy (FG)","1.8%","570","584
(14)","589
(5)","591
(2)","","","","","","null","null","null","null","null","null"
"1632583077-1059","https://irelandelection.com/electiondetail.php?elecid=238&constitid=13&electype=1","","","Patrick Clohessy (IND)","0.1%","33","47
(14)","","","","","","","","null","null","null","null","null","null"
"1632583077-1045","https://irelandelection.com/electiondetail.php?elecid=238&constitid=13&electype=1","1","","Mary Lou McDonald (SF)","35.7%","11223","","","","","","","","","null","null","null","null","null","null"
"1632583077-1049","https://irelandelection.com/electiondetail.php?elecid=238&constitid=13&electype=1","","","Christy Burke (IND)","4.8%","1509","3344
(1835)","3410
(66)","3441
(31)","3449
(8)","3609
(160)","3910
(301)","4547
(637)","5168
(621)","null","null","null","null","null","null"
"1632583077-1047","https://irelandelection.com/electiondetail.php?elecid=238&constitid=13&electype=1","3","","Paschal Donohoe (FG)","13.3%","4181","4282
(101)","4290
(8)","4292
(2)","4687
(395)","4738
(51)","5110
(372)","5147
(37)","6126
(979)","null","null","null","null","null","null"
"1632583077-1051","https://irelandelection.com/electiondetail.php?elecid=238&constitid=13&electype=1","","","Gillian Brien (SOL-PBP)","2.5%","776","1590
(814)","1624
(34)","1825
(201)","1836
(11)","2128
(292)","2233
(105)","","","null","null","null","null","null","null"
"1632583077-1046","https://irelandelection.com/electiondetail.php?elecid=238&constitid=13&electype=1","2","","Neasa Hourigan (GP)","12.3%","3851","4254
(403)","4271
(17)","4312
(41)","4371
(59)","4606
(235)","5118
(512)","5636
(518)","6551
(915)","null","null","null","null","null","null"
"1632583077-1052","https://irelandelection.com/electiondetail.php?elecid=238&constitid=13&electype=1","","","Joe Costello (LAB)","5.4%","1702","1977
(275)","1989
(12)","1996
(7)","2029
(33)","2108
(79)","","","","null","null","null","null","null","null"
"1632583077-1053","https://irelandelection.com/electiondetail.php?elecid=238&constitid=13&electype=1","","","Ian Noel Smyth (Aon)","1.9%","583","640
(57)","730
(90)","737
(7)","737
(0)","","","","","null","null","null","null","null","null"
"1632583077-1058","https://irelandelection.com/electiondetail.php?elecid=238&constitid=13&electype=1","","","Dolores Webster (IND)","0.3%","101","153
(52)","","","","","","","","null","null","null","null","null","null"
"1632583077-1056","https://irelandelection.com/electiondetail.php?elecid=238&constitid=13&electype=1","","","Rita Harrold (SOL-PBP)","0.6%","201","403
(202)","418
(15)","","","","","","","null","null","null","null","null","null"
"1632583077-1048","https://irelandelection.com/electiondetail.php?elecid=238&constitid=13&electype=1","4","","Gary Gannon (SD)","9.3%","2912","3605
(693)","3638
(33)","3696
(58)","3724
(28)","3912
(188)","4357
(445)","5028
(671)","5718
(690)","null","null","null","null","null","null"
"1632583077-1050","https://irelandelection.com/electiondetail.php?elecid=238&constitid=13&electype=1","","","Mary Fitzpatrick (FF)","10.3%","3228","3503
(275)","3530
(27)","3535
(5)","3570
(35)","3723
(153)","3967
(244)","4010
(43)","","null","null","null","null","null","null"
"1632583077-1054","https://irelandelection.com/electiondetail.php?elecid=238&constitid=13&electype=1","","","Éilis Ryan (WP)","1.4%","429","593
(164)","617
(24)","656
(39)","662
(6)","","","","","null","null","null","null","null","null"
