﻿web-scraper-order,web-scraper-start-url,Seat,Party,Candidate,Share,Count 1,Count 2,Count 3,Count 4,Count 5,Count 6,Count 7,Count 8,Count 9,Count 10,Count 11,Count 12,Count 13,Count 14,Count 15
"1632583663-1130","https://irelandelection.com/electiondetail.php?elecid=238&constitid=22&electype=1","","","Richard Murray (IND)","0.5%","207","420
(213)","512
(92)","","","","null","null","null","null","null","null","null","null","null"
"1632583663-1124","https://irelandelection.com/electiondetail.php?elecid=238&constitid=22&electype=1","4","","Joan Collins (I4C)","6.5%","2831","4578
(1747)","5076
(498)","5552
(476)","6654
(1102)","7807
(1153)","null","null","null","null","null","null","null","null","null"
"1632583663-1126","https://irelandelection.com/electiondetail.php?elecid=238&constitid=22&electype=1","","","Catherine Ardagh (FF)","11.0%","4782","5013
(231)","5030
(17)","5184
(154)","5598
(414)","","null","null","null","null","null","null","null","null","null"
"1632583663-1127","https://irelandelection.com/electiondetail.php?elecid=238&constitid=22&electype=1","","","Rebecca Moynihan (LAB)","4.8%","2095","2330
(235)","2375
(45)","2491
(116)","","","null","null","null","null","null","null","null","null","null"
"1632583663-1133","https://irelandelection.com/electiondetail.php?elecid=238&constitid=22&electype=1","","","Seán O'Leary (IND)","0.1%","38","57
(19)","71
(14)","","","","null","null","null","null","null","null","null","null","null"
"1632583663-1121","https://irelandelection.com/electiondetail.php?elecid=238&constitid=22&electype=1","1","","Aengus Ó Snodaigh (SF)","39.3%","17015","","","","","","null","null","null","null","null","null","null","null","null"
"1632583663-1123","https://irelandelection.com/electiondetail.php?elecid=238&constitid=22&electype=1","3","","Patrick Costello (GP)","9.3%","4041","4449
(408)","4522
(73)","4698
(176)","6917
(2219)","8560
(1643)","null","null","null","null","null","null","null","null","null"
"1632583663-1122","https://irelandelection.com/electiondetail.php?elecid=238&constitid=22&electype=1","2","","Bríd Smith (SOL-PBP)","11.0%","4753","9547
(4794)","","","","","null","null","null","null","null","null","null","null","null"
"1632583663-1129","https://irelandelection.com/electiondetail.php?elecid=238&constitid=22&electype=1","","","Serina Irvine (NAT)","1.5%","632","770
(138)","801
(31)","","","","null","null","null","null","null","null","null","null","null"
"1632583663-1131","https://irelandelection.com/electiondetail.php?elecid=238&constitid=22&electype=1","","","Alan Kerrigan (IND)","0.3%","146","241
(95)","257
(16)","","","","null","null","null","null","null","null","null","null","null"
"1632583663-1125","https://irelandelection.com/electiondetail.php?elecid=238&constitid=22&electype=1","","","Catherine Byrne (FG)","11.7%","5078","5192
(114)","5202
(10)","5275
(73)","5788
(513)","7431
(1643)","null","null","null","null","null","null","null","null","null"
"1632583663-1128","https://irelandelection.com/electiondetail.php?elecid=238&constitid=22&electype=1","","","Tara Deacy (SD)","3.7%","1595","1921
(326)","2006
(85)","2181
(175)","","","null","null","null","null","null","null","null","null","null"
"1632583663-1132","https://irelandelection.com/electiondetail.php?elecid=238&constitid=22&electype=1","","","Robert Michael Foley (IND)","0.2%","78","114
(36)","121
(7)","","","","null","null","null","null","null","null","null","null","null"
