﻿web-scraper-order,web-scraper-start-url,Seat,Party,Candidate,Share,Count 1,Count 2,Count 3,Count 4,Count 5,Count 6,Count 7,Count 8,Count 9,Count 10,Count 11,Count 12,Count 13,Count 14,Count 15
"1632583728-1159","https://irelandelection.com/electiondetail.php?elecid=238&constitid=25&electype=1","","","Peter Casey (IND)","1.1%","495","708
(213)","","","","","null","null","null","null","null","null","null","null","null"
"1632583728-1161","https://irelandelection.com/electiondetail.php?elecid=238&constitid=25&electype=1","","","Seán O'Leary (IND)","0.1%","24","65
(41)","","","","","null","null","null","null","null","null","null","null","null"
"1632583728-1157","https://irelandelection.com/electiondetail.php?elecid=238&constitid=25&electype=1","","","Edward MacManus (Aon)","2.4%","1062","1218
(156)","1420
(202)","1522
(102)","","","null","null","null","null","null","null","null","null","null"
"1632583728-1160","https://irelandelection.com/electiondetail.php?elecid=238&constitid=25&electype=1","","","Stephen O'Loughlin (IND)","0.4%","184","325
(141)","","","","","null","null","null","null","null","null","null","null","null"
"1632583728-1153","https://irelandelection.com/electiondetail.php?elecid=238&constitid=25&electype=1","4","","Roderic O'Gorman (GP)","11.2%","4901","5371
(470)","5471
(100)","5919
(448)","6270
(351)","8260
(1990)","null","null","null","null","null","null","null","null","null"
"1632583728-1151","https://irelandelection.com/electiondetail.php?elecid=238&constitid=25&electype=1","2","","Leo Varadkar (FG)","19.4%","8478","8596
(118)","8641
(45)","8706
(65)","8763
(57)","","null","null","null","null","null","null","null","null","null"
"1632583728-1150","https://irelandelection.com/electiondetail.php?elecid=238&constitid=25&electype=1","1","","Paul Donnelly (SF)","28.6%","12456","","","","","","null","null","null","null","null","null","null","null","null"
"1632583728-1155","https://irelandelection.com/electiondetail.php?elecid=238&constitid=25&electype=1","","","Joan Burton (LAB)","4.8%","2096","2201
(105)","2236
(35)","2321
(85)","2406
(85)","","null","null","null","null","null","null","null","null","null"
"1632583728-1152","https://irelandelection.com/electiondetail.php?elecid=238&constitid=25&electype=1","3","","Jack Chambers (FF)","15.8%","6892","7187
(295)","7330
(143)","7385
(55)","7836
(451)","9107
(1271)","null","null","null","null","null","null","null","null","null"
"1632583728-1154","https://irelandelection.com/electiondetail.php?elecid=238&constitid=25&electype=1","","","Ruth Coppinger (SOL-PBP)","10.0%","4353","6212
(1859)","6430
(218)","6808
(378)","6991
(183)","7580
(589)","null","null","null","null","null","null","null","null","null"
"1632583728-1158","https://irelandelection.com/electiondetail.php?elecid=238&constitid=25&electype=1","","","Aengus Ó Maoláin (SD)","1.9%","817","1114
(297)","1249
(135)","","","","null","null","null","null","null","null","null","null","null"
"1632583728-1156","https://irelandelection.com/electiondetail.php?elecid=238&constitid=25&electype=1","","","Emer Currie (FG)","4.3%","1870","1905
(35)","1947
(42)","1980
(33)","2030
(50)","","null","null","null","null","null","null","null","null","null"
