﻿web-scraper-order,web-scraper-start-url,Seat,Party,Candidate,Share,Count 1,Count 2,Count 3,Count 4,Count 5,Count 6,Count 7,Count 8,Count 9,Count 10,Count 11,Count 12,Count 13,Count 14,Count 15
"1632582990-1013","https://irelandelection.com/electiondetail.php?elecid=238&constitid=12&electype=1","2","","Chris Andrews (SF)","16.1%","6361","6412
(51)","6421
(9)","6513
(92)","6658
(145)","6715
(57)","7837
(1122)","8797
(960)","null","null","null","null","null","null","null"
"1632582990-1016","https://irelandelection.com/electiondetail.php?elecid=238&constitid=12&electype=1","","","Kate O'Connell (FG)","11.7%","4624","4785
(161)","4795
(10)","4810
(15)","4869
(59)","4891
(22)","5127
(236)","6270
(1143)","null","null","null","null","null","null","null"
"1632582990-1020","https://irelandelection.com/electiondetail.php?elecid=238&constitid=12&electype=1","","","Jacqui Gilbourne (REN)","1.6%","634","643
(9)","656
(13)","802
(146)","847
(45)","","","","null","null","null","null","null","null","null"
"1632582990-1019","https://irelandelection.com/electiondetail.php?elecid=238&constitid=12&electype=1","","","Annette Mooney (SOL-PBP)","2.5%","1002","1049
(47)","1062
(13)","1145
(83)","1243
(98)","1282
(39)","","","null","null","null","null","null","null","null"
"1632582990-1024","https://irelandelection.com/electiondetail.php?elecid=238&constitid=12&electype=1","","","Norma Burke (IND)","0.3%","110","116
(6)","","","","","","","null","null","null","null","null","null","null"
"1632582990-1023","https://irelandelection.com/electiondetail.php?elecid=238&constitid=12&electype=1","","","Ben Scallan (IFP)","0.6%","245","248
(3)","255
(7)","","","","","","null","null","null","null","null","null","null"
"1632582990-1012","https://irelandelection.com/electiondetail.php?elecid=238&constitid=12&electype=1","1","","Eamon Ryan (GP)","22.4%","8888","","","","","","","","null","null","null","null","null","null","null"
"1632582990-1014","https://irelandelection.com/electiondetail.php?elecid=238&constitid=12&electype=1","3","","Eoghan Murphy (FG)","16.0%","6346","6464
(118)","6473
(9)","6489
(16)","6544
(55)","6638
(94)","6767
(129)","7602
(835)","null","null","null","null","null","null","null"
"1632582990-1018","https://irelandelection.com/electiondetail.php?elecid=238&constitid=12&electype=1","","","Sarah Durcan (SD)","4.5%","1801","1988
(187)","2021
(33)","2081
(60)","2158
(77)","2210
(52)","","","null","null","null","null","null","null","null"
"1632582990-1021","https://irelandelection.com/electiondetail.php?elecid=238&constitid=12&electype=1","","","Mannix Flynn (IND)","1.6%","645","675
(30)","690
(15)","753
(63)","","","","","null","null","null","null","null","null","null"
"1632582990-1022","https://irelandelection.com/electiondetail.php?elecid=238&constitid=12&electype=1","","","Peter Dooley (IND)","0.7%","281","288
(7)","317
(29)","","","","","","null","null","null","null","null","null","null"
"1632582990-1026","https://irelandelection.com/electiondetail.php?elecid=238&constitid=12&electype=1","","","Seán O'Leary (IND)","0.0%","11","12
(1)","","","","","","","null","null","null","null","null","null","null"
"1632582990-1015","https://irelandelection.com/electiondetail.php?elecid=238&constitid=12&electype=1","4","","Jim O'Callaghan (FF)","13.8%","5474","5587
(113)","5597
(10)","5622
(25)","5718
(96)","5977
(259)","6180
(203)","7158
(978)","null","null","null","null","null","null","null"
"1632582990-1017","https://irelandelection.com/electiondetail.php?elecid=238&constitid=12&electype=1","","","Kevin Humphreys (LAB)","7.9%","3121","3355
(234)","3375
(20)","3406
(31)","3516
(110)","3589
(73)","4971
(1382)","","null","null","null","null","null","null","null"
"1632582990-1025","https://irelandelection.com/electiondetail.php?elecid=238&constitid=12&electype=1","","","John Dominic Keigher (IND)","0.1%","48","50
(2)","","","","","","","null","null","null","null","null","null","null"
