﻿web-scraper-order,web-scraper-start-url,Seat,Party,Candidate,Share,Count 1,Count 2,Count 3,Count 4,Count 5,Count 6,Count 7,Count 8,Count 9,Count 10,Count 11,Count 12,Count 13,Count 14,Count 15
"1632583200-1117","https://irelandelection.com/electiondetail.php?elecid=238&constitid=20&electype=1","","","Eoghan Ó Ceannabháin (SOL-PBP)","3.5%","1498","1597
(99)","1680
(83)","","","","","","null","null","null","null","null","null","null"
"1632583200-1111","https://irelandelection.com/electiondetail.php?elecid=238&constitid=20&electype=1","2","","Neale Richmond (FG)","15.9%","6743","6789
(46)","6887
(98)","6926
(39)","7461
(535)","8675
(1214)","8950
(275)","9704
(754)","null","null","null","null","null","null","null"
"1632583200-1120","https://irelandelection.com/electiondetail.php?elecid=238&constitid=20&electype=1","","","Patrick Noonan (IND)","0.8%","350","","","","","","","","null","null","null","null","null","null","null"
"1632583200-1115","https://irelandelection.com/electiondetail.php?elecid=238&constitid=20&electype=1","","","Shane Ross (IND)","8.1%","3419","3474
(55)","3651
(177)","3780
(129)","4215
(435)","","","","null","null","null","null","null","null","null"
"1632583200-1112","https://irelandelection.com/electiondetail.php?elecid=238&constitid=20&electype=1","3","","Josepha Madigan (FG)","15.3%","6482","6555
(73)","6603
(48)","6624
(21)","6964
(340)","7835
(871)","8065
(230)","8677
(612)","null","null","null","null","null","null","null"
"1632583200-1110","https://irelandelection.com/electiondetail.php?elecid=238&constitid=20&electype=1","1","","Catherine Martin (GP)","21.1%","8958","9171
(213)","9431
(260)","9949
(518)","11444
(1495)","","","","null","null","null","null","null","null","null"
"1632583200-1116","https://irelandelection.com/electiondetail.php?elecid=238&constitid=20&electype=1","","","Lettie McCarthy (LAB)","7.5%","3179","3242
(63)","3328
(86)","3519
(191)","","","","","null","null","null","null","null","null","null"
"1632583200-1114","https://irelandelection.com/electiondetail.php?elecid=238&constitid=20&electype=1","","","Sorcha Nic Cormaic (SF)","11.6%","4926","5118
(192)","5082
(-36)","5716
(634)","5991
(275)","6538
(547)","6726
(188)","","null","null","null","null","null","null","null"
"1632583200-1118","https://irelandelection.com/electiondetail.php?elecid=238&constitid=20&electype=1","","","Liam Coughlan (Aon)","3.3%","1413","1450
(37)","","","","","","","null","null","null","null","null","null","null"
"1632583200-1113","https://irelandelection.com/electiondetail.php?elecid=238&constitid=20&electype=1","","","Shay Brennan (FF)","10.7%","4549","5118
(569)","5532
(414)","5599
(67)","5913
(314)","6904
(991)","7054
(150)","8277
(1223)","null","null","null","null","null","null","null"
"1632583200-1119","https://irelandelection.com/electiondetail.php?elecid=238&constitid=20&electype=1","","","Deirdre Conroy (FF)","2.1%","886","","","","","","","","null","null","null","null","null","null","null"
