﻿web-scraper-order,web-scraper-start-url,Seat,Party,Candidate,Share,Count 1,Count 2,Count 3,Count 4,Count 5,Count 6,Count 7,Count 8,Count 9,Count 10,Count 11,Count 12,Count 13,Count 14,Count 15
"1632583109-1075","https://irelandelection.com/electiondetail.php?elecid=238&constitid=14&electype=1","","","Sandra Sweetman (IND)","0.4%","259","376
(117)","","","","","","","","","","","null","null","null"
"1632583109-1066","https://irelandelection.com/electiondetail.php?elecid=238&constitid=14&electype=1","","","Dean Mulligan (I4C)","4.0%","2529","3700
(1171)","3762
(62)","3882
(120)","3985
(103)","4202
(217)","4979
(777)","5862
(883)","5972
(110)","6447
(475)","8088
(1641)","8152
(64)","null","null","null"
"1632583109-1074","https://irelandelection.com/electiondetail.php?elecid=238&constitid=14&electype=1","","","Glenn Brady (IND)","0.8%","536","668
(132)","703
(35)","","","","","","","","","","null","null","null"
"1632583109-1067","https://irelandelection.com/electiondetail.php?elecid=238&constitid=14&electype=1","","","Tony Murphy (IND)","5.7%","3622","4135
(513)","4183
(48)","4262
(79)","4347
(85)","4768
(421)","4920
(152)","5133
(213)","5346
(213)","5838
(492)","","","null","null","null"
"1632583109-1064","https://irelandelection.com/electiondetail.php?elecid=238&constitid=14&electype=1","4","","Alan Farrell (FG)","9.8%","6213","6278
(65)","6283
(5)","6312
(29)","6329
(17)","6385
(56)","6406
(21)","6492
(86)","8732
(2240)","9754
(1022)","10577
(823)","","null","null","null"
"1632583109-1062","https://irelandelection.com/electiondetail.php?elecid=238&constitid=14&electype=1","2","","Joe O'Brien (GP)","13.2%","8400","9067
(667)","9104
(37)","9181
(77)","9289
(108)","9428
(139)","9680
(252)","10720
(1040)","","","","","null","null","null"
"1632583109-1063","https://irelandelection.com/electiondetail.php?elecid=238&constitid=14&electype=1","3","","Darragh O'Brien (FF)","15.9%","10111","10306
(195)","10323
(17)","10354
(31)","10365
(11)","10503
(138)","10530
(27)","10652
(122)","","","","","null","null","null"
"1632583109-1072","https://irelandelection.com/electiondetail.php?elecid=238&constitid=14&electype=1","","","Gemma O'Doherty (IND)","2.0%","1252","1462
(210)","1538
(76)","1573
(35)","1614
(41)","","","","","","","","null","null","null"
"1632583109-1073","https://irelandelection.com/electiondetail.php?elecid=238&constitid=14&electype=1","","","Oghenetano John Uwhumiakpor (SOL-PBP)","0.8%","487","845
(358)","875
(30)","895
(20)","","","","","","","","","null","null","null"
"1632583109-1069","https://irelandelection.com/electiondetail.php?elecid=238&constitid=14&electype=1","","","James Reilly (FG)","5.2%","3280","3347
(67)","3366
(19)","3377
(11)","3403
(26)","3433
(30)","3450
(17)","3503
(53)","","","","","null","null","null"
"1632583109-1071","https://irelandelection.com/electiondetail.php?elecid=238&constitid=14&electype=1","","","Terry Kelleher (SOL-PBP)","1.1%","674","1391
(717)","1424
(33)","1513
(89)","1800
(287)","1883
(83)","","","","","","","null","null","null"
"1632583109-1061","https://irelandelection.com/electiondetail.php?elecid=238&constitid=14&electype=1","1","","Louise O'Reilly (SF)","24.9%","15792","","","","","","","","","","","","null","null","null"
"1632583109-1065","https://irelandelection.com/electiondetail.php?elecid=238&constitid=14&electype=1","5","","Duncan Smith (LAB)","7.1%","4513","4898
(385)","4936
(38)","4988
(52)","5052
(64)","5138
(86)","5222
(84)","5691
(469)","6126
(435)","7135
(1009)","8258
(1123)","8340
(82)","null","null","null"
"1632583109-1070","https://irelandelection.com/electiondetail.php?elecid=238&constitid=14&electype=1","","","Paul Mulville (SD)","3.5%","2206","2628
(422)","2656
(28)","2729
(73)","2804
(75)","2879
(75)","3226
(347)","","","","","","null","null","null"
"1632583109-1076","https://irelandelection.com/electiondetail.php?elecid=238&constitid=14&electype=1","","","Alistair Smith (UP)","0.1%","43","97
(54)","","","","","","","","","","","null","null","null"
"1632583109-1068","https://irelandelection.com/electiondetail.php?elecid=238&constitid=14&electype=1","","","Lorraine Clifford-Lee (FF)","5.6%","3523","3668
(145)","3681
(13)","3732
(51)","3748
(16)","3841
(93)","3868
(27)","4020
(152)","4275
(255)","","","","null","null","null"
