﻿web-scraper-order,web-scraper-start-url,Seat,Party,Candidate,Share,Count 1,Count 2,Count 3,Count 4,Count 5,Count 6,Count 7,Count 8,Count 9,Count 10,Count 11,Count 12,Count 13,Count 14,Count 15
"1632583019-1028","https://irelandelection.com/electiondetail.php?elecid=238&constitid=11&electype=1","2","","Richard Bruton (FG)","15.6%","11156","11315
(159)","11334
(19)","11388
(54)","11419
(31)","11442
(23)","11485
(43)","11522
(37)","11542
(20)","13367
(1825)","","","","",""
"1632583019-1036","https://irelandelection.com/electiondetail.php?elecid=238&constitid=11&electype=1","","","Catherine Noone (FG)","3.2%","2279","2341
(62)","2354
(13)","2366
(12)","2376
(10)","2381
(5)","2389
(8)","2405
(16)","2412
(7)","","","","","",""
"1632583019-1033","https://irelandelection.com/electiondetail.php?elecid=238&constitid=11&electype=1","","","John Lyons (IND)","2.6%","1882","3705
(1823)","3792
(87)","3824
(32)","3893
(69)","4074
(181)","4125
(51)","4601
(476)","4975
(374)","4986
(11)","5004
(18)","5096
(92)","6421
(1325)","",""
"1632583019-1031","https://irelandelection.com/electiondetail.php?elecid=238&constitid=11&electype=1","5","","Seán Haughey (FF)","9.3%","6651","7012
(361)","7026
(14)","7068
(42)","7111
(43)","7159
(48)","7367
(208)","7506
(139)","7561
(55)","7607
(46)","7796
(189)","10575
(2779)","10697
(122)","10955
(258)","10955
(258)"
"1632583019-1041","https://irelandelection.com/electiondetail.php?elecid=238&constitid=11&electype=1","","","Brian Garrigan (IND)","0.5%","372","529
(157)","551
(22)","588
(37)","","","","","","","","","","",""
"1632583019-1032","https://irelandelection.com/electiondetail.php?elecid=238&constitid=11&electype=1","","","David Healy (GP)","7.0%","5042","5715
(673)","5728
(13)","5778
(50)","5822
(44)","5873
(51)","6005
(132)","6149
(144)","6227
(78)","6305
(78)","6645
(340)","7008
(363)","7597
(589)","8527
(930)","8527
(930)"
"1632583019-1029","https://irelandelection.com/electiondetail.php?elecid=238&constitid=11&electype=1","3","","Cian O'Callaghan (SD)","8.7%","6229","7420
(1191)","7443
(23)","7541
(98)","7581
(40)","7611
(30)","7699
(88)","7805
(106)","8184
(379)","8281
(97)","8463
(182)","8732
(269)","10157
(1425)","12438
(2281)","12438
(2281)"
"1632583019-1038","https://irelandelection.com/electiondetail.php?elecid=238&constitid=11&electype=1","","","Ben Gilroy (IFP)","1.1%","771","1274
(503)","1283
(9)","1293
(10)","1351
(58)","1532
(181)","1759
(227)","","","","","","","",""
"1632583019-1030","https://irelandelection.com/electiondetail.php?elecid=238&constitid=11&electype=1","4","","Aodhán Ó Ríordáin (LAB)","11.3%","8127","8736
(609)","8765
(29)","8795
(30)","8833
(38)","8862
(29)","8927
(65)","8989
(62)","9091
(102)","9251
(160)","9727
(476)","10312
(585)","10735
(423)","11283
(548)","11283
(548)"
"1632583019-1040","https://irelandelection.com/electiondetail.php?elecid=238&constitid=11&electype=1","","","Michael Burke (IND)","0.5%","370","602
(232)","623
(21)","657
(34)","779
(122)","","","","","","","","","",""
"1632583019-1044","https://irelandelection.com/electiondetail.php?elecid=238&constitid=11&electype=1","","","Seán O'Leary (IND)","0.0%","16","35
(19)","","","","","","","","","","","","",""
"1632583019-1042","https://irelandelection.com/electiondetail.php?elecid=238&constitid=11&electype=1","","","Conor Creaven (IND)","0.6%","418","481
(63)","487
(6)","","","","","","","","","","","",""
"1632583019-1039","https://irelandelection.com/electiondetail.php?elecid=238&constitid=11&electype=1","","","Proinsias Ó Conaráin (Aon)","1.4%","973","1092
(119)","1106
(14)","1110
(4)","1132
(22)","1174
(42)","","","","","","","","",""
"1632583019-1037","https://irelandelection.com/electiondetail.php?elecid=238&constitid=11&electype=1","","","Michael O'Brien (SOL-PBP)","1.0%","722","1915
(1193)","1935
(20)","1945
(10)","1968
(23)","1995
(27)","2037
(42)","2163
(126)","","","","","","",""
"1632583019-1043","https://irelandelection.com/electiondetail.php?elecid=238&constitid=11&electype=1","","","Linda McEvoy (IND)","0.3%","202","326
(124)","","","","","","","","","","","","",""
"1632583019-1035","https://irelandelection.com/electiondetail.php?elecid=238&constitid=11&electype=1","","","Deirdre Heney (FF)","5.1%","3643","3804
(161)","3822
(18)","3844
(22)","3857
(13)","3878
(21)","4051
(173)","4175
(124)","4193
(18)","4303
(110)","4521
(218)","","","",""
"1632583019-1027","https://irelandelection.com/electiondetail.php?elecid=238&constitid=11&electype=1","1","","Denise Mitchell (SF)","29.8%","21344","","","","","","","","","","","","","",""
"1632583019-1034","https://irelandelection.com/electiondetail.php?elecid=238&constitid=11&electype=1","","","Bernard Mulvany (SOL-PBP)","2.0%","1409","3369
(1960)","3398
(29)","3416
(18)","3444
(28)","3488
(44)","3528
(40)","3708
(180)","4637
(929)","4671
(34)","4680
(9)","4759
(79)","","",""
