﻿web-scraper-order,web-scraper-start-url,Seat,Party,Candidate,Share,Count 1,Count 2,Count 3,Count 4,Count 5,Count 6,Count 7,Count 8,Count 9,Count 10,Count 11,Count 12,Count 13,Count 14,Count 15
"1632583875-1177","https://irelandelection.com/electiondetail.php?elecid=238&constitid=27&electype=1","3","","Anne Rabbitte (FF)","13.6%","5762","5776
(14)","5820
(44)","5943
(123)","6121
(178)","8676
(2555)","9535
(859)","10022
(487)","null","null","null","null","null","null","null"
"1632583875-1175","https://irelandelection.com/electiondetail.php?elecid=238&constitid=27&electype=1","1","","Seán Canney (IND)","18.4%","7815","7894
(79)","8142
(248)","8331
(189)","8785
(454)","9896
(1111)","12292
(2396)","","null","null","null","null","null","null","null"
"1632583875-1179","https://irelandelection.com/electiondetail.php?elecid=238&constitid=27&electype=1","","","Pete Roche (FG)","14.2%","6034","6040
(6)","6090
(50)","6180
(90)","6392
(212)","6973
(581)","","","null","null","null","null","null","null","null"
"1632583875-1181","https://irelandelection.com/electiondetail.php?elecid=238&constitid=27&electype=1","","","Eoin Madden (GP)","4.5%","1924","1942
(18)","1977
(35)","2647
(670)","","","","","null","null","null","null","null","null","null"
"1632583875-1185","https://irelandelection.com/electiondetail.php?elecid=238&constitid=27&electype=1","","","David O'Reilly (IND)","0.6%","246","","","","","","","","null","null","null","null","null","null","null"
"1632583875-1183","https://irelandelection.com/electiondetail.php?elecid=238&constitid=27&electype=1","","","Marian Spelman (LAB)","2.0%","845","863
(18)","890
(27)","","","","","","null","null","null","null","null","null","null"
"1632583875-1184","https://irelandelection.com/electiondetail.php?elecid=238&constitid=27&electype=1","","","Martin Ward (Aon)","1.4%","582","670
(88)","","","","","","","null","null","null","null","null","null","null"
"1632583875-1182","https://irelandelection.com/electiondetail.php?elecid=238&constitid=27&electype=1","","","Peter Reid (SD)","2.0%","848","867
(19)","892
(25)","","","","","","null","null","null","null","null","null","null"
"1632583875-1180","https://irelandelection.com/electiondetail.php?elecid=238&constitid=27&electype=1","","","Donagh Mark Killilea (FF)","11.6%","4932","4946
(14)","5004
(58)","5066
(62)","5171
(105)","","","","null","null","null","null","null","null","null"
"1632583875-1176","https://irelandelection.com/electiondetail.php?elecid=238&constitid=27&electype=1","2","","Ciarán Cannon (FG)","14.8%","6298","6307
(9)","6326
(19)","6536
(210)","7114
(578)","7425
(311)","9990
(2565)","10890
(900)","null","null","null","null","null","null","null"
"1632583875-1178","https://irelandelection.com/electiondetail.php?elecid=238&constitid=27&electype=1","","","Louis O'Hara (SF)","16.7%","7108","7177
(69)","7294
(117)","7649
(355)","8441
(792)","8799
(358)","9411
(612)","9685
(274)","null","null","null","null","null","null","null"
"1632583875-1186","https://irelandelection.com/electiondetail.php?elecid=238&constitid=27&electype=1","","","Deaglán MacCanna (REN)","0.3%","126","","","","","","","","null","null","null","null","null","null","null"
