﻿web-scraper-order,web-scraper-start-url,Seat,Party,Candidate,Share,Count 1,Count 2,Count 3,Count 4,Count 5,Count 6,Count 7,Count 8,Count 9,Count 10,Count 11,Count 12,Count 13,Count 14,Count 15
"1632583971-1192","https://irelandelection.com/electiondetail.php?elecid=238&constitid=28&electype=1","","","Sean Kyne (FG)","8.8%","5284","5292
(8)","5314
(22)","5345
(31)","5477
(132)","5559
(82)","5829
(270)","6049
(220)","6399
(350)","6461
(62)","6493
(32)","7037
(544)","7574
(537)","null","null"
"1632583971-1201","https://irelandelection.com/electiondetail.php?elecid=238&constitid=28&electype=1","","","Daragh O'Flaherty (IND)","0.5%","318","","","","","","","","","","","","","null","null"
"1632583971-1198","https://irelandelection.com/electiondetail.php?elecid=238&constitid=28&electype=1","","","Cormac O Corcoráin (Aon)","1.8%","1058","1097
(39)","1118
(21)","","","","","","","","","","","null","null"
"1632583971-1190","https://irelandelection.com/electiondetail.php?elecid=238&constitid=28&electype=1","4","","Catherine Connolly (IND)","9.0%","5439","5478
(39)","5693
(215)","5775
(82)","6028
(253)","6661
(633)","7625
(964)","8089
(464)","8722
(633)","8831
(109)","8906
(75)","12486
(3580)","","null","null"
"1632583971-1187","https://irelandelection.com/electiondetail.php?elecid=238&constitid=28&electype=1","1","","Éamon Ó Cuív (FF)","14.1%","8522","8534
(12)","8556
(22)","8825
(269)","8893
(68)","9017
(124)","9200
(183)","11910
(2710)","","","","","","null","null"
"1632583971-1189","https://irelandelection.com/electiondetail.php?elecid=238&constitid=28&electype=1","3","","Mairéad Farrell (SF)","14.0%","8464","8486
(22)","8744
(258)","8814
(70)","8904
(90)","9633
(729)","10013
(380)","10340
(327)","","","","","","null","null"
"1632583971-1195","https://irelandelection.com/electiondetail.php?elecid=238&constitid=28&electype=1","","","Pauline O'Reilly (GP)","6.0%","3650","3655
(5)","3766
(111)","3811
(45)","4098
(287)","4230
(132)","","","","","","","","null","null"
"1632583971-1193","https://irelandelection.com/electiondetail.php?elecid=238&constitid=28&electype=1","","","Niall Ó Tuathail (SD)","6.0%","3623","3630
(7)","3761
(131)","3793
(32)","4057
(264)","4313
(256)","5750
(1437)","5979
(229)","6281
(302)","6339
(58)","6403
(64)","","","null","null"
"1632583971-1191","https://irelandelection.com/electiondetail.php?elecid=238&constitid=28&electype=1","5","","Hildegarde Naughton (FG)","9.3%","5609","5617
(8)","5645
(28)","5667
(22)","5885
(218)","6027
(142)","6630
(603)","7009
(379)","7366
(357)","7473
(107)","7509
(36)","8536
(1027)","9519
(983)","null","null"
"1632583971-1188","https://irelandelection.com/electiondetail.php?elecid=238&constitid=28&electype=1","2","","Noel Grealish (IND)","13.3%","8043","8159
(116)","8196
(37)","8541
(345)","8616
(75)","9168
(552)","9302
(134)","10393
(1091)","","","","","","null","null"
"1632583971-1200","https://irelandelection.com/electiondetail.php?elecid=238&constitid=28&electype=1","","","Joe Loughnane (SOL-PBP)","0.7%","437","445
(8)","","","","","","","","","","","","null","null"
"1632583971-1196","https://irelandelection.com/electiondetail.php?elecid=238&constitid=28&electype=1","","","Mike Cubbard (IND)","4.4%","2676","2697
(21)","2740
(43)","2802
(62)","2907
(105)","","","","","","","","","null","null"
"1632583971-1194","https://irelandelection.com/electiondetail.php?elecid=238&constitid=28&electype=1","","","Ollie Crowe (FF)","8.6%","5175","5180
(5)","5207
(27)","5310
(103)","5384
(74)","5555
(171)","5671
(116)","","","","","","","null","null"
"1632583971-1197","https://irelandelection.com/electiondetail.php?elecid=238&constitid=28&electype=1","","","Níall McNelis (LAB)","2.6%","1548","1554
(6)","1577
(23)","1593
(16)","","","","","","","","","","null","null"
"1632583971-1199","https://irelandelection.com/electiondetail.php?elecid=238&constitid=28&electype=1","","","Conor Burke (SOL-PBP)","0.8%","495","512
(17)","","","","","","","","","","","","null","null"
