﻿web-scraper-order,web-scraper-start-url,Seat,Party,Candidate,Share,Count 1,Count 2,Count 3,Count 4,Count 5,Count 6,Count 7,Count 8,Count 9,Count 10,Count 11,Count 12,Count 13,Count 14,Count 15
"1632583995-1214","https://irelandelection.com/electiondetail.php?elecid=238&constitid=53&electype=1","","","Seán O'Leary (IND)","0.0%","33","37
(4)","60
(23)","","","","","","null","null","null","null","null","null","null"
"1632583995-1211","https://irelandelection.com/electiondetail.php?elecid=238&constitid=53&electype=1","","","Sonny Foran (Aon)","1.4%","1109","1180
(71)","1404
(224)","","","","","","null","null","null","null","null","null","null"
"1632583995-1208","https://irelandelection.com/electiondetail.php?elecid=238&constitid=53&electype=1","","","Cleo Murphy (GP)","5.3%","4122","4273
(151)","4808
(535)","5263
(455)","5604
(341)","5811
(207)","6229
(418)","","null","null","null","null","null","null","null"
"1632583995-1205","https://irelandelection.com/electiondetail.php?elecid=238&constitid=53&electype=1","4","","Danny Healy-Rae (IND)","11.2%","8663","10604
(1941)","11333
(729)","12090
(757)","12664
(574)","13000
(336)","","","null","null","null","null","null","null","null"
"1632583995-1203","https://irelandelection.com/electiondetail.php?elecid=238&constitid=53&electype=1","2","","Pa Daly (SF)","20.3%","15733","","","","","","","","null","null","null","null","null","null","null"
"1632583995-1213","https://irelandelection.com/electiondetail.php?elecid=238&constitid=53&electype=1","","","Ted Cronin (IND)","0.5%","391","417
(26)","544
(127)","","","","","","null","null","null","null","null","null","null"
"1632583995-1206","https://irelandelection.com/electiondetail.php?elecid=238&constitid=53&electype=1","5","","Norma Foley (FF)","8.8%","6856","7271
(415)","7647
(376)","7934
(287)","9111
(1177)","9593
(482)","10128
(535)","11989
(1861)","null","null","null","null","null","null","null"
"1632583995-1210","https://irelandelection.com/electiondetail.php?elecid=238&constitid=53&electype=1","","","Norma Moriarty (FF)","4.9%","3767","4049
(282)","4145
(96)","4217
(72)","","","","","null","null","null","null","null","null","null"
"1632583995-1212","https://irelandelection.com/electiondetail.php?elecid=238&constitid=53&electype=1","","","John Bowler (IFP)","0.6%","473","501
(28)","640
(139)","","","","","","null","null","null","null","null","null","null"
"1632583995-1209","https://irelandelection.com/electiondetail.php?elecid=238&constitid=53&electype=1","","","Mike Kennelly (FG)","5.1%","3974","4153
(179)","4278
(125)","4379
(101)","4419
(40)","","","","null","null","null","null","null","null","null"
"1632583995-1207","https://irelandelection.com/electiondetail.php?elecid=238&constitid=53&electype=1","","","John Brassil (FF)","7.0%","5431","5665
(234)","5844
(179)","6089
(245)","6748
(659)","7230
(482)","7682
(452)","8655
(973)","null","null","null","null","null","null","null"
"1632583995-1204","https://irelandelection.com/electiondetail.php?elecid=238&constitid=53&electype=1","3","","Brendan Griffin (FG)","13.3%","10296","10838
(542)","11073
(235)","11261
(188)","12255
(994)","14703
(2448)","","","null","null","null","null","null","null","null"
"1632583995-1202","https://irelandelection.com/electiondetail.php?elecid=238&constitid=53&electype=1","1","","Michael Healy-Rae (IND)","21.7%","16818","","","","","","","","null","null","null","null","null","null","null"
