﻿web-scraper-order,web-scraper-start-url,Seat,Party,Candidate,Share,Count 1,Count 2,Count 3,Count 4,Count 5,Count 6,Count 7,Count 8,Count 9,Count 10,Count 11,Count 12,Count 13,Count 14,Count 15
"1632584064-1234","https://irelandelection.com/electiondetail.php?elecid=238&constitid=32&electype=1","","","Suzanne Doyle (FF)","7.6%","3580","3665
(85)","3703
(38)","3782
(79)","","","","","null","null","null","null","null","null","null"
"1632584064-1238","https://irelandelection.com/electiondetail.php?elecid=238&constitid=32&electype=1","","","Róisín Uí Bhroin (SOL-PBP)","1.3%","598","","","","","","","","null","null","null","null","null","null","null"
"1632584064-1233","https://irelandelection.com/electiondetail.php?elecid=238&constitid=32&electype=1","","","Fiona McLoughlin-Healy (IND)","7.7%","3616","3730
(114)","3938
(208)","4221
(283)","4471
(250)","","","","null","null","null","null","null","null","null"
"1632584064-1231","https://irelandelection.com/electiondetail.php?elecid=238&constitid=32&electype=1","","","Fiona O'Loughlin (FF)","12.5%","5927","5985
(58)","6043
(58)","6176
(133)","8177
(2001)","8936
(759)","10370
(1434)","10425
(55)","null","null","null","null","null","null","null"
"1632584064-1230","https://irelandelection.com/electiondetail.php?elecid=238&constitid=32&electype=1","4","","Cathal Berry (IND)","12.1%","5742","5961
(219)","6176
(215)","6501
(325)","6876
(375)","8270
(1394)","10693
(2423)","10940
(247)","null","null","null","null","null","null","null"
"1632584064-1229","https://irelandelection.com/electiondetail.php?elecid=238&constitid=32&electype=1","3","","Martin Heydon (FG)","17.1%","8069","8120
(51)","8218
(98)","8567
(349)","9010
(443)","9651
(641)","11676
(2025)","11710
(34)","null","null","null","null","null","null","null"
"1632584064-1237","https://irelandelection.com/electiondetail.php?elecid=238&constitid=32&electype=1","","","Anita Mhic Gib (Aon)","1.5%","697","","","","","","","","null","null","null","null","null","null","null"
"1632584064-1232","https://irelandelection.com/electiondetail.php?elecid=238&constitid=32&electype=1","","","Mark Wall (LAB)","12.5%","5899","5974
(75)","6142
(168)","6648
(506)","6984
(336)","7484
(500)","","","null","null","null","null","null","null","null"
"1632584064-1228","https://irelandelection.com/electiondetail.php?elecid=238&constitid=32&electype=1","2","","Patricia Ryan (SF)","21.5%","10155","10461
(306)","10719
(258)","11072
(353)","11295
(223)","12152
(857)","","","null","null","null","null","null","null","null"
"1632584064-1235","https://irelandelection.com/electiondetail.php?elecid=238&constitid=32&electype=1","","","Ronan Maher (GP)","3.5%","1639","1754
(115)","2144
(390)","","","","","","null","null","null","null","null","null","null"
"1632584064-1236","https://irelandelection.com/electiondetail.php?elecid=238&constitid=32&electype=1","","","Linda Hayden (SD)","2.8%","1338","1474
(136)","","","","","","","null","null","null","null","null","null","null"
"1632584064-1227","https://irelandelection.com/electiondetail.php?elecid=238&constitid=32&electype=1","1","","Seán Ó Fearghaíl (FF)","n/a","","","","","","","","","null","null","null","null","null","null","null"
