﻿web-scraper-order,web-scraper-start-url,Seat,Party,Candidate,Share,Count 1,Count 2,Count 3,Count 4,Count 5,Count 6,Count 7,Count 8,Count 9,Count 10,Count 11,Count 12,Count 13,Count 14,Count 15
"1632584035-1219","https://irelandelection.com/electiondetail.php?elecid=238&constitid=31&electype=1","","","Frank O'Rourke (FF)","12.4%","6336","6596
(260)","6945
(349)","7035
(90)","7238
(203)","7956
(718)","null","null","null","null","null","null","null","null","null"
"1632584035-1225","https://irelandelection.com/electiondetail.php?elecid=238&constitid=31&electype=1","","","David Monaghan (IND)","0.4%","197","","","","","","null","null","null","null","null","null","null","null","null"
"1632584035-1217","https://irelandelection.com/electiondetail.php?elecid=238&constitid=31&electype=1","3","","Bernard Durkan (FG)","10.7%","5447","5522
(75)","5910
(388)","6006
(96)","8521
(2515)","10258
(1737)","null","null","null","null","null","null","null","null","null"
"1632584035-1221","https://irelandelection.com/electiondetail.php?elecid=238&constitid=31&electype=1","","","Anthony Lawlor (FG)","7.1%","3621","3693
(72)","3871
(178)","3920
(49)","","","null","null","null","null","null","null","null","null","null"
"1632584035-1218","https://irelandelection.com/electiondetail.php?elecid=238&constitid=31&electype=1","4","","James Lawless (FF)","13.8%","7029","7146
(117)","7357
(211)","7417
(60)","7909
(492)","9357
(1448)","null","null","null","null","null","null","null","null","null"
"1632584035-1222","https://irelandelection.com/electiondetail.php?elecid=238&constitid=31&electype=1","","","Emmet Stagg (LAB)","5.4%","2751","2853
(102)","","","","","null","null","null","null","null","null","null","null","null"
"1632584035-1223","https://irelandelection.com/electiondetail.php?elecid=238&constitid=31&electype=1","","","Séamus Ó Riain (REN)","1.9%","967","","","","","","null","null","null","null","null","null","null","null","null"
"1632584035-1226","https://irelandelection.com/electiondetail.php?elecid=238&constitid=31&electype=1","","","Wayne Swords (IND)","0.2%","123","","","","","","null","null","null","null","null","null","null","null","null"
"1632584035-1215","https://irelandelection.com/electiondetail.php?elecid=238&constitid=31&electype=1","1","","Catherine Murphy (SD)","19.3%","9808","10180
(372)","11008
(828)","","","","null","null","null","null","null","null","null","null","null"
"1632584035-1216","https://irelandelection.com/electiondetail.php?elecid=238&constitid=31&electype=1","2","","Réada Cronin (SF)","17.1%","8705","9192
(487)","9508
(316)","9623
(115)","9732
(109)","11079
(1347)","null","null","null","null","null","null","null","null","null"
"1632584035-1220","https://irelandelection.com/electiondetail.php?elecid=238&constitid=31&electype=1","","","Vincent P. Martin (GP)","10.0%","5100","5473
(373)","5901
(428)","6211
(310)","6674
(463)","","null","null","null","null","null","null","null","null","null"
"1632584035-1224","https://irelandelection.com/electiondetail.php?elecid=238&constitid=31&electype=1","","","Paul Mahon (SOL-PBP)","1.7%","861","","","","","","null","null","null","null","null","null","null","null","null"
