﻿web-scraper-order,web-scraper-start-url,Seat,Party,Candidate,Share,Count 1,Count 2,Count 3,Count 4,Count 5,Count 6,Count 7,Count 8,Count 9,Count 10,Count 11,Count 12,Count 13,Count 14,Count 15
"1632584111-1249","https://irelandelection.com/electiondetail.php?elecid=238&constitid=34&electype=1","","","Noel Tuohy (LAB)","2.9%","2011","2596
(585)","2664
(68)","2806
(142)","3190
(384)","","","","","","","null","null","null","null"
"1632584111-1246","https://irelandelection.com/electiondetail.php?elecid=238&constitid=34&electype=1","","","Marcella Corcoran Kennedy (FG)","6.5%","4519","4585
(66)","4594
(9)","4643
(49)","4666
(23)","4783
(117)","4917
(134)","5157
(240)","5195
(38)","","","null","null","null","null"
"1632584111-1245","https://irelandelection.com/electiondetail.php?elecid=238&constitid=34&electype=1","","","John Leahy (IND)","5.0%","3463","3725
(262)","3862
(137)","3876
(14)","4063
(187)","4192
(129)","4821
(629)","5172
(351)","5252
(80)","5669
(417)","","null","null","null","null"
"1632584111-1250","https://irelandelection.com/electiondetail.php?elecid=238&constitid=34&electype=1","","","Stephen Tynan (SOL-PBP)","1.3%","910","2128
(1218)","2243
(115)","2273
(30)","","","","","","","","null","null","null","null"
"1632584111-1239","https://irelandelection.com/electiondetail.php?elecid=238&constitid=34&electype=1","1","","Brian Stanley (SF)","24.0%","16654","","","","","","","","","","","null","null","null","null"
"1632584111-1251","https://irelandelection.com/electiondetail.php?elecid=238&constitid=34&electype=1","","","Pauline Flanagan (FF)","2.5%","1744","1850
(106)","1874
(24)","","","","","","","","","null","null","null","null"
"1632584111-1242","https://irelandelection.com/electiondetail.php?elecid=238&constitid=34&electype=1","4","","Carol Nolan (IND)","7.8%","5436","6182
(746)","6362
(180)","6434
(72)","6806
(372)","7109
(303)","8353
(1244)","8848
(495)","8927
(79)","9364
(437)","12521
(3157)","null","null","null","null"
"1632584111-1244","https://irelandelection.com/electiondetail.php?elecid=238&constitid=34&electype=1","","","Pippa Hackett (GP)","5.0%","3494","3921
(427)","3991
(70)","4081
(90)","4565
(484)","5243
(678)","5811
(568)","5941
(130)","5964
(23)","6468
(504)","7109
(641)","null","null","null","null"
"1632584111-1248","https://irelandelection.com/electiondetail.php?elecid=238&constitid=34&electype=1","","","Ken Smollen (IDP)","3.8%","2611","3173
(562)","3261
(88)","3274
(13)","3640
(366)","3941
(301)","","","","","","null","null","null","null"
"1632584111-1240","https://irelandelection.com/electiondetail.php?elecid=238&constitid=34&electype=1","2","","Barry Cowen (FF)","12.5%","8677","8889
(212)","8919
(30)","9130
(211)","9166
(36)","9242
(76)","9698
(456)","12162
(2464)","","","","null","null","null","null"
"1632584111-1247","https://irelandelection.com/electiondetail.php?elecid=238&constitid=34&electype=1","","","Peter Ormond (FF)","5.9%","4073","4132
(59)","4137
(5)","4320
(183)","4334
(14)","4360
(26)","4449
(89)","","","","","null","null","null","null"
"1632584111-1253","https://irelandelection.com/electiondetail.php?elecid=238&constitid=34&electype=1","","","Noel O'Rourke (REN)","0.4%","290","356
(66)","","","","","","","","","","null","null","null","null"
"1632584111-1243","https://irelandelection.com/electiondetail.php?elecid=238&constitid=34&electype=1","5","","Seán Fleming (FF)","11.0%","7636","8116
(480)","8190
(74)","9106
(916)","9162
(56)","9736
(574)","9835
(99)","10327
(492)","10676
(349)","10868
(192)","11364
(496)","null","null","null","null"
"1632584111-1252","https://irelandelection.com/electiondetail.php?elecid=238&constitid=34&electype=1","","","John Daly (NAT)","0.6%","441","557
(116)","","","","","","","","","","null","null","null","null"
"1632584111-1241","https://irelandelection.com/electiondetail.php?elecid=238&constitid=34&electype=1","3","","Charlie Flanagan (FG)","10.8%","7463","7641
(178)","7675
(34)","7791
(116)","7821
(30)","8203
(382)","8287
(84)","8396
(109)","8418
(22)","11757
(3339)","","null","null","null","null"
