﻿web-scraper-order,web-scraper-start-url,Seat,Party,Candidate,Share,Count 1,Count 2,Count 3,Count 4,Count 5,Count 6,Count 7,Count 8,Count 9,Count 10,Count 11,Count 12,Count 13,Count 14,Count 15
"1632584142-1260","https://irelandelection.com/electiondetail.php?elecid=238&constitid=36&electype=1","","","Maria Byrne (FG)","6.5%","2998","3021
(23)","3042
(21)","3135
(93)","3253
(118)","3266
(13)","3671
(405)","","","null","null","null","null","null","null"
"1632584142-1254","https://irelandelection.com/electiondetail.php?elecid=238&constitid=36&electype=1","1","","Maurice Quinlivan (SF)","23.9%","11006","","","","","","","","","null","null","null","null","null","null"
"1632584142-1258","https://irelandelection.com/electiondetail.php?elecid=238&constitid=36&electype=1","","","Frankie Daly (IND)","6.9%","3200","3725
(525)","4022
(297)","4413
(391)","4940
(527)","5017
(77)","5404
(387)","5685
(281)","6720
(1035)","null","null","null","null","null","null"
"1632584142-1256","https://irelandelection.com/electiondetail.php?elecid=238&constitid=36&electype=1","3","","Kieran O'Donnell (FG)","14.3%","6589","6628
(39)","6661
(33)","6867
(206)","6951
(84)","6966
(15)","7649
(683)","9754
(2105)","","null","null","null","null","null","null"
"1632584142-1261","https://irelandelection.com/electiondetail.php?elecid=238&constitid=36&electype=1","","","James Collins (FF)","6.0%","2759","2788
(29)","2808
(20)","3035
(227)","3107
(72)","3150
(43)","","","","null","null","null","null","null","null"
"1632584142-1255","https://irelandelection.com/electiondetail.php?elecid=238&constitid=36&electype=1","2","","Willie O'Dea (FF)","19.9%","9198","9460
(262)","","","","","","","","null","null","null","null","null","null"
"1632584142-1257","https://irelandelection.com/electiondetail.php?elecid=238&constitid=36&electype=1","4","","Brian Leddin (GP)","7.0%","3252","3385
(133)","3538
(153)","3770
(232)","4810
(1040)","4833
(23)","5400
(567)","5856
(456)","8207
(2351)","null","null","null","null","null","null"
"1632584142-1264","https://irelandelection.com/electiondetail.php?elecid=238&constitid=36&electype=1","","","Mary Cahillane (SOL-PBP)","1.5%","701","1008
(307)","","","","","","","","null","null","null","null","null","null"
"1632584142-1263","https://irelandelection.com/electiondetail.php?elecid=238&constitid=36&electype=1","","","Michael Ryan (Aon)","3.4%","1553","1683
(130)","1860
(177)","","","","","","","null","null","null","null","null","null"
"1632584142-1265","https://irelandelection.com/electiondetail.php?elecid=238&constitid=36&electype=1","","","Rebecca Barrett (NAT)","0.7%","345","380
(35)","","","","","","","","null","null","null","null","null","null"
"1632584142-1259","https://irelandelection.com/electiondetail.php?elecid=238&constitid=36&electype=1","","","Jan O'Sullivan (LAB)","5.9%","2729","2838
(109)","2916
(78)","3076
(160)","3601
(525)","3626
(25)","4127
(501)","4667
(540)","","null","null","null","null","null","null"
"1632584142-1262","https://irelandelection.com/electiondetail.php?elecid=238&constitid=36&electype=1","","","Jenny Blake (SD)","3.9%","1799","1987
(188)","2467
(480)","2650
(183)","","","","","","null","null","null","null","null","null"
