﻿web-scraper-order,web-scraper-start-url,Seat,Party,Candidate,Share,Count 1,Count 2,Count 3,Count 4,Count 5,Count 6,Count 7,Count 8,Count 9,Count 10,Count 11,Count 12,Count 13,Count 14,Count 15
"1632589510-1350","https://irelandelection.com/electiondetail.php?elecid=238&constitid=37&electype=1","","","Conor O'Donoghue (Aon)","1.5%","714","","","","","","null","null","null","null","null","null","null","null","null"
"1632589510-1349","https://irelandelection.com/electiondetail.php?elecid=238&constitid=37&electype=1","","","Claire Keating (GP)","5.4%","2503","2688
(185)","","","","","null","null","null","null","null","null","null","null","null"
"1632589510-1345","https://irelandelection.com/electiondetail.php?elecid=238&constitid=37&electype=1","3","","Richard O'Donoghue (IND)","13.1%","6021","6599
(578)","7050
(451)","7647
(597)","8587
(940)","10320
(1733)","null","null","null","null","null","null","null","null","null"
"1632589510-1346","https://irelandelection.com/electiondetail.php?elecid=238&constitid=37&electype=1","","","Seighin O Ceallaigh (SF)","15.0%","6916","7204
(288)","7814
(610)","8125
(311)","8579
(454)","8955
(376)","null","null","null","null","null","null","null","null","null"
"1632589510-1348","https://irelandelection.com/electiondetail.php?elecid=238&constitid=37&electype=1","","","Michael Collins (FF)","11.2%","5150","5320
(170)","5532
(212)","","","","null","null","null","null","null","null","null","null","null"
"1632589510-1347","https://irelandelection.com/electiondetail.php?elecid=238&constitid=37&electype=1","","","Tom Neville (FG)","12.6%","5810","5970
(160)","6358
(388)","6765
(407)","","","null","null","null","null","null","null","null","null","null"
"1632589510-1343","https://irelandelection.com/electiondetail.php?elecid=238&constitid=37&electype=1","1","","Niall Collins (FF)","18.3%","8436","8631
(195)","8885
(254)","11870
(2985)","","","null","null","null","null","null","null","null","null","null"
"1632589510-1351","https://irelandelection.com/electiondetail.php?elecid=238&constitid=37&electype=1","","","Robert O'Donnell (IND)","0.9%","402","","","","","","null","null","null","null","null","null","null","null","null"
"1632589510-1344","https://irelandelection.com/electiondetail.php?elecid=238&constitid=37&electype=1","2","","Patrick O'Donovan (FG)","20.0%","9228","9458
(230)","9952
(494)","10893
(941)","15552
(4659)","","null","null","null","null","null","null","null","null","null"
"1632589510-1352","https://irelandelection.com/electiondetail.php?elecid=238&constitid=37&electype=1","","","Con Cremin (IND)","0.8%","373","","","","","","null","null","null","null","null","null","null","null","null"
"1632589510-1354","https://irelandelection.com/electiondetail.php?elecid=238&constitid=37&electype=1","","","Cristín Ní Mhaoldhomhnaigh (NAT)","0.5%","224","","","","","","null","null","null","null","null","null","null","null","null"
"1632589510-1353","https://irelandelection.com/electiondetail.php?elecid=238&constitid=37&electype=1","","","John Dalton (REN)","0.7%","313","","","","","","null","null","null","null","null","null","null","null","null"
