﻿web-scraper-order,web-scraper-start-url,Seat,Party,Candidate,Share,Count 1,Count 2,Count 3,Count 4,Count 5,Count 6,Count 7,Count 8,Count 9,Count 10,Count 11,Count 12,Count 13,Count 14,Count 15
"1632584209-1271","https://irelandelection.com/electiondetail.php?elecid=238&constitid=38&electype=1","","","Michael Carrigy (FG)","11.2%","6334","6350
(16)","6398
(48)","6399
(1)","6421
(22)","6451
(30)","6534
(83)","6707
(173)","6981
(274)","","null","null","null","null","null"
"1632584209-1276","https://irelandelection.com/electiondetail.php?elecid=238&constitid=38&electype=1","","","Barbara Smyth (SOL-PBP)","0.7%","411","478
(67)","483
(5)","675
(192)","725
(50)","","","","","","null","null","null","null","null"
"1632584209-1267","https://irelandelection.com/electiondetail.php?elecid=238&constitid=38&electype=1","2","","Joe Flaherty (FF)","13.6%","7666","7703
(37)","7755
(52)","7761
(6)","7788
(27)","7825
(37)","7976
(151)","7999
(23)","8236
(237)","11064
(2828)","null","null","null","null","null"
"1632584209-1279","https://irelandelection.com/electiondetail.php?elecid=238&constitid=38&electype=1","","","Frank Kilbride (IND)","0.3%","197","206
(9)","","","","","","","","","null","null","null","null","null"
"1632584209-1275","https://irelandelection.com/electiondetail.php?elecid=238&constitid=38&electype=1","","","James Reynolds (NAT)","1.7%","983","1001
(18)","1020
(19)","1030
(10)","1081
(51)","1130
(49)","","","","","null","null","null","null","null"
"1632584209-1274","https://irelandelection.com/electiondetail.php?elecid=238&constitid=38&electype=1","","","Gabrielle McFadden (FG)","2.5%","1411","1416
(5)","1422
(6)","1425
(3)","1432
(7)","1439
(7)","1450
(11)","","","","null","null","null","null","null"
"1632584209-1278","https://irelandelection.com/electiondetail.php?elecid=238&constitid=38&electype=1","","","Dom Parker (SOL-PBP)","0.4%","221","314
(93)","322
(8)","","","","","","","","null","null","null","null","null"
"1632584209-1273","https://irelandelection.com/electiondetail.php?elecid=238&constitid=38&electype=1","","","Alan Mangan (LAB)","3.4%","1904","1949
(45)","1957
(8)","1964
(7)","1990
(26)","2036
(46)","2079
(43)","2119
(40)","","","null","null","null","null","null"
"1632584209-1277","https://irelandelection.com/electiondetail.php?elecid=238&constitid=38&electype=1","","","Anna Kavanagh (IND)","0.6%","334","363
(29)","397
(34)","408
(11)","","","","","","","null","null","null","null","null"
"1632584209-1268","https://irelandelection.com/electiondetail.php?elecid=238&constitid=38&electype=1","3","","Peter Burke (FG)","11.7%","6617","6635
(18)","6645
(10)","6648
(3)","6662
(14)","6677
(15)","6731
(54)","7306
(575)","8325
(1019)","11034
(2709)","null","null","null","null","null"
"1632584209-1270","https://irelandelection.com/electiondetail.php?elecid=238&constitid=38&electype=1","","","Kevin (Boxer) Moran (IND)","11.9%","6730","6827
(97)","6866
(39)","6896
(30)","6978
(82)","7097
(119)","7363
(266)","7746
(383)","9229
(1483)","10003
(774)","null","null","null","null","null"
"1632584209-1269","https://irelandelection.com/electiondetail.php?elecid=238&constitid=38&electype=1","4","","Robert Troy (FF)","16.5%","9331","9384
(53)","9399
(15)","9410
(11)","9445
(35)","9476
(31)","9578
(102)","9661
(83)","10620
(959)","10793
(173)","null","null","null","null","null"
"1632584209-1280","https://irelandelection.com/electiondetail.php?elecid=238&constitid=38&electype=1","","","Donal Jackson (IND)","0.1%","71","83
(12)","","","","","","","","","null","null","null","null","null"
"1632584209-1272","https://irelandelection.com/electiondetail.php?elecid=238&constitid=38&electype=1","","","Louise Heavin (GP)","4.1%","2325","2397
(72)","2410
(13)","2441
(31)","2488
(47)","2721
(233)","2780
(59)","2910
(130)","","","null","null","null","null","null"
"1632584209-1266","https://irelandelection.com/electiondetail.php?elecid=238&constitid=38&electype=1","1","","Sorca Clarke (SF)","21.0%","11848","","","","","","","","","","null","null","null","null","null"
