﻿web-scraper-order,web-scraper-start-url,Seat,Party,Candidate,Share,Count 1,Count 2,Count 3,Count 4,Count 5,Count 6,Count 7,Count 8,Count 9,Count 10,Count 11,Count 12,Count 13,Count 14,Count 15
"1632584375-1281","https://irelandelection.com/electiondetail.php?elecid=238&constitid=39&electype=1","1","","Imelda Munster (SF)","24.3%","17203","","","","","","","","","","null","null","null","null","null"
"1632584375-1289","https://irelandelection.com/electiondetail.php?elecid=238&constitid=39&electype=1","","","James Byrne (FF)","5.5%","3911","4179
(268)","4187
(8)","4198
(11)","4232
(34)","4325
(93)","4355
(30)","","","","null","null","null","null","null"
"1632584375-1295","https://irelandelection.com/electiondetail.php?elecid=238&constitid=39&electype=1","","","Albert Byrne (IND)","0.2%","145","262
(117)","273
(11)","","","","","","","","null","null","null","null","null"
"1632584375-1282","https://irelandelection.com/electiondetail.php?elecid=238&constitid=39&electype=1","2","","Ruairí Ó Murchú (SF)","17.7%","12491","","","","","","","","","","null","null","null","null","null"
"1632584375-1293","https://irelandelection.com/electiondetail.php?elecid=238&constitid=39&electype=1","","","Topanga Bird (IND)","0.3%","243","474
(231)","500
(26)","538
(38)","","","","","","","null","null","null","null","null"
"1632584375-1285","https://irelandelection.com/electiondetail.php?elecid=238&constitid=39&electype=1","5","","Peter Fitzpatrick (IND)","8.6%","6085","6515
(430)","6703
(188)","6734
(31)","6956
(222)","7571
(615)","8201
(630)","8379
(178)","8988
(609)","10779
(1791)","null","null","null","null","null"
"1632584375-1284","https://irelandelection.com/electiondetail.php?elecid=238&constitid=39&electype=1","4","","Fergus O'Dowd (FG)","9.0%","6380","6737
(357)","6746
(9)","6752
(6)","6775
(23)","6936
(161)","6980
(44)","7485
(505)","10159
(2674)","11282
(1123)","null","null","null","null","null"
"1632584375-1286","https://irelandelection.com/electiondetail.php?elecid=238&constitid=39&electype=1","","","Declan Breathnach (FF)","8.2%","5781","5919
(138)","5958
(39)","5975
(17)","6023
(48)","6124
(101)","6178
(54)","8403
(2225)","8771
(368)","9625
(854)","null","null","null","null","null"
"1632584375-1292","https://irelandelection.com/electiondetail.php?elecid=238&constitid=39&electype=1","","","Cathal Ó Murchú (IFP)","0.8%","574","1000
(426)","1041
(41)","1053
(12)","1138
(85)","","","","","","null","null","null","null","null"
"1632584375-1294","https://irelandelection.com/electiondetail.php?elecid=238&constitid=39&electype=1","","","David Bradley (IND)","0.4%","256","410
(154)","417
(7)","465
(48)","","","","","","","null","null","null","null","null"
"1632584375-1288","https://irelandelection.com/electiondetail.php?elecid=238&constitid=39&electype=1","","","John McGahon (FG)","6.3%","4442","4516
(74)","4544
(28)","4549
(5)","4560
(11)","4606
(46)","4642
(36)","4738
(96)","","","null","null","null","null","null"
"1632584375-1287","https://irelandelection.com/electiondetail.php?elecid=238&constitid=39&electype=1","","","Mark Dearey (GP)","7.7%","5418","6113
(695)","6263
(150)","6290
(27)","6436
(146)","6680
(244)","7675
(995)","7917
(242)","8497
(580)","","null","null","null","null","null"
"1632584375-1283","https://irelandelection.com/electiondetail.php?elecid=238&constitid=39&electype=1","3","","Gerald Nash (LAB)","8.2%","5824","6889
(1065)","6918
(29)","6926
(8)","6973
(47)","7190
(217)","7545
(355)","8389
(844)","8638
(249)","11659
(3021)","null","null","null","null","null"
"1632584375-1290","https://irelandelection.com/electiondetail.php?elecid=238&constitid=39&electype=1","","","Audrey Fergus (SOL-PBP)","1.6%","1120","2317
(1197)","2478
(161)","2501
(23)","2675
(174)","3028
(353)","","","","","null","null","null","null","null"
"1632584375-1291","https://irelandelection.com/electiondetail.php?elecid=238&constitid=39&electype=1","","","Eamon Sweeney (REN)","1.1%","794","1067
(273)","1083
(16)","1092
(9)","1163
(71)","","","","","","null","null","null","null","null"
