﻿web-scraper-order,web-scraper-start-url,Seat,Party,Candidate,Share,Count 1,Count 2,Count 3,Count 4,Count 5,Count 6,Count 7,Count 8,Count 9,Count 10,Count 11,Count 12,Count 13,Count 14,Count 15
"1632584400-1305","https://irelandelection.com/electiondetail.php?elecid=238&constitid=40&electype=1","","","Gerry Loftus (IND)","0.9%","574","595
(21)","670
(75)","","","","","null","null","null","null","null","null","null","null"
"1632584400-1298","https://irelandelection.com/electiondetail.php?elecid=238&constitid=40&electype=1","3","","Dara Calleary (FF)","14.2%","9163","9377
(214)","9671
(294)","9874
(203)","10429
(555)","11130
(701)","13636
(2506)","null","null","null","null","null","null","null","null"
"1632584400-1297","https://irelandelection.com/electiondetail.php?elecid=238&constitid=40&electype=1","2","","Rose Conway-Walsh (SF)","22.7%","14633","","","","","","","null","null","null","null","null","null","null","null"
"1632584400-1308","https://irelandelection.com/electiondetail.php?elecid=238&constitid=40&electype=1","","","Gráinne De Barra (IND)","0.1%","84","89
(5)","119
(30)","","","","","null","null","null","null","null","null","null","null"
"1632584400-1310","https://irelandelection.com/electiondetail.php?elecid=238&constitid=40&electype=1","","","Seán Forkan (IND)","0.1%","59","63
(4)","82
(19)","","","","","null","null","null","null","null","null","null","null"
"1632584400-1307","https://irelandelection.com/electiondetail.php?elecid=238&constitid=40&electype=1","","","Daithí Ó Fallamháin (IFP)","0.4%","246","252
(6)","279
(27)","","","","","null","null","null","null","null","null","null","null"
"1632584400-1302","https://irelandelection.com/electiondetail.php?elecid=238&constitid=40&electype=1","","","Saoirse Mchugh (GP)","6.5%","4177","4321
(144)","4630
(309)","5385
(755)","6036
(651)","","","null","null","null","null","null","null","null","null"
"1632584400-1309","https://irelandelection.com/electiondetail.php?elecid=238&constitid=40&electype=1","","","Stephen Manning (IND)","0.1%","65","68
(3)","82
(14)","","","","","null","null","null","null","null","null","null","null"
"1632584400-1301","https://irelandelection.com/electiondetail.php?elecid=238&constitid=40&electype=1","","","Michelle Mulherin (FG)","8.4%","5435","5929
(494)","6045
(116)","6285
(240)","6596
(311)","7427
(831)","","null","null","null","null","null","null","null","null"
"1632584400-1299","https://irelandelection.com/electiondetail.php?elecid=238&constitid=40&electype=1","4","","Alan Dillon (FG)","8.1%","5198","5823
(625)","5944
(121)","6115
(171)","6553
(438)","7648
(1095)","10977
(3329)","null","null","null","null","null","null","null","null"
"1632584400-1306","https://irelandelection.com/electiondetail.php?elecid=238&constitid=40&electype=1","","","Kamal Uddin (LAB)","0.4%","255","272
(17)","308
(36)","","","","","null","null","null","null","null","null","null","null"
"1632584400-1303","https://irelandelection.com/electiondetail.php?elecid=238&constitid=40&electype=1","","","Paul Lawless (Aon)","4.0%","2574","2662
(88)","2854
(192)","3375
(521)","","","","null","null","null","null","null","null","null","null"
"1632584400-1304","https://irelandelection.com/electiondetail.php?elecid=238&constitid=40&electype=1","","","Joe Daly (SOL-PBP)","1.1%","721","751
(30)","1072
(321)","","","","","null","null","null","null","null","null","null","null"
"1632584400-1296","https://irelandelection.com/electiondetail.php?elecid=238&constitid=40&electype=1","1","","Michael Ring (FG)","23.0%","14796","","","","","","","null","null","null","null","null","null","null","null"
"1632584400-1300","https://irelandelection.com/electiondetail.php?elecid=238&constitid=40&electype=1","","","Lisa Chambers (FF)","9.9%","6373","6647
(274)","6855
(208)","7062
(207)","7375
(313)","8363
(988)","8911
(548)","null","null","null","null","null","null","null","null"
