﻿web-scraper-order,web-scraper-start-url,Seat,Party,Candidate,Share,Count 1,Count 2,Count 3,Count 4,Count 5,Count 6,Count 7,Count 8,Count 9,Count 10,Count 11,Count 12,Count 13,Count 14,Count 15
"1632584443-1311","https://irelandelection.com/electiondetail.php?elecid=238&constitid=41&electype=1","1","","Darren O'Rourke (SF)","24.4%","10223","10617
(394)","","","","","","null","null","null","null","null","null","null","null"
"1632584443-1317","https://irelandelection.com/electiondetail.php?elecid=238&constitid=41&electype=1","","","Sharon Keogan (IND)","5.9%","2475","2570
(95)","2939
(369)","3024
(85)","","","","null","null","null","null","null","null","null","null"
"1632584443-1312","https://irelandelection.com/electiondetail.php?elecid=238&constitid=41&electype=1","2","","Helen McEntee (FG)","18.3%","7691","7856
(165)","8123
(267)","8333
(210)","8937
(604)","9416
(479)","12984
(3568)","null","null","null","null","null","null","null","null"
"1632584443-1316","https://irelandelection.com/electiondetail.php?elecid=238&constitid=41&electype=1","","","Joe Bonner (IND)","7.0%","2934","3053
(119)","3240
(187)","3338
(98)","4037
(699)","","","null","null","null","null","null","null","null","null"
"1632584443-1314","https://irelandelection.com/electiondetail.php?elecid=238&constitid=41&electype=1","","","Seán Mccabe (GP)","7.8%","3251","3756
(505)","4036
(280)","4167
(131)","4677
(510)","5999
(1322)","6547
(548)","null","null","null","null","null","null","null","null"
"1632584443-1321","https://irelandelection.com/electiondetail.php?elecid=238&constitid=41&electype=1","","","Andrew Keegan (SOL-PBP)","1.4%","569","","","","","","","null","null","null","null","null","null","null","null"
"1632584443-1322","https://irelandelection.com/electiondetail.php?elecid=238&constitid=41&electype=1","","","Seamus McDonagh (WP)","0.3%","134","","","","","","","null","null","null","null","null","null","null","null"
"1632584443-1319","https://irelandelection.com/electiondetail.php?elecid=238&constitid=41&electype=1","","","Emer Tóibín (Aon)","3.9%","1634","1705
(71)","","","","","","null","null","null","null","null","null","null","null"
"1632584443-1313","https://irelandelection.com/electiondetail.php?elecid=238&constitid=41&electype=1","3","","Thomas Byrne (FF)","14.4%","6039","6095
(56)","6348
(253)","7637
(1289)","8222
(585)","8999
(777)","9622
(623)","null","null","null","null","null","null","null","null"
"1632584443-1315","https://irelandelection.com/electiondetail.php?elecid=238&constitid=41&electype=1","","","Regina Doherty (FG)","10.0%","4180","4272
(92)","4330
(58)","4505
(175)","4643
(138)","5122
(479)","","null","null","null","null","null","null","null","null"
"1632584443-1320","https://irelandelection.com/electiondetail.php?elecid=238&constitid=41&electype=1","","","Annie Hoey (LAB)","2.1%","874","","","","","","","null","null","null","null","null","null","null","null"
"1632584443-1318","https://irelandelection.com/electiondetail.php?elecid=238&constitid=41&electype=1","","","Deirdre Geraghty-Smith (FF)","4.6%","1941","1977
(36)","2047
(70)","","","","","null","null","null","null","null","null","null","null"
