﻿web-scraper-order,web-scraper-start-url,Seat,Party,Candidate,Share,Count 1,Count 2,Count 3,Count 4,Count 5,Count 6,Count 7,Count 8,Count 9,Count 10,Count 11,Count 12,Count 13,Count 14,Count 15
"1632584507-1323","https://irelandelection.com/electiondetail.php?elecid=238&constitid=42&electype=1","1","","Johnny Guirke (SF)","30.5%","12652","","","","","","null","null","null","null","null","null","null","null","null"
"1632584507-1325","https://irelandelection.com/electiondetail.php?elecid=238&constitid=42&electype=1","3","","Damien English (FG)","13.2%","5499","5604
(105)","6513
(909)","6802
(289)","8699
(1897)","9558
(859)","null","null","null","null","null","null","null","null","null"
"1632584507-1330","https://irelandelection.com/electiondetail.php?elecid=238&constitid=42&electype=1","","","Sarah Reilly (FG)","4.4%","1817","1897
(80)","","","","","null","null","null","null","null","null","null","null","null"
"1632584507-1331","https://irelandelection.com/electiondetail.php?elecid=238&constitid=42&electype=1","","","John Malone (REN)","0.5%","209","290
(81)","","","","","null","null","null","null","null","null","null","null","null"
"1632584507-1328","https://irelandelection.com/electiondetail.php?elecid=238&constitid=42&electype=1","","","Noel French (FG)","7.1%","2952","3006
(54)","3361
(355)","3534
(173)","","","null","null","null","null","null","null","null","null","null"
"1632584507-1329","https://irelandelection.com/electiondetail.php?elecid=238&constitid=42&electype=1","","","Seamus McMenamin (GP)","4.7%","1935","2224
(289)","2380
(156)","","","","null","null","null","null","null","null","null","null","null"
"1632584507-1324","https://irelandelection.com/electiondetail.php?elecid=238&constitid=42&electype=1","2","","Peadar Tóibín (Aon)","17.6%","7322","8249
(927)","8616
(367)","9075
(459)","9714
(639)","11410
(1696)","null","null","null","null","null","null","null","null","null"
"1632584507-1326","https://irelandelection.com/electiondetail.php?elecid=238&constitid=42&electype=1","","","Shane Cassells (FF)","16.2%","6742","6926
(184)","7117
(191)","7311
(194)","7644
(333)","8224
(580)","null","null","null","null","null","null","null","null","null"
"1632584507-1327","https://irelandelection.com/electiondetail.php?elecid=238&constitid=42&electype=1","","","Ronan Moore (SD)","5.7%","2376","2931
(555)","3045
(114)","4141
(1096)","4569
(428)","","null","null","null","null","null","null","null","null","null"
