﻿web-scraper-order,web-scraper-start-url,Seat,Party,Candidate,Share,Count 1,Count 2,Count 3,Count 4,Count 5,Count 6,Count 7,Count 8,Count 9,Count 10,Count 11,Count 12,Count 13,Count 14,Count 15
"1632584533-1332","https://irelandelection.com/electiondetail.php?elecid=238&constitid=44&electype=1","1","","Michael Fitzmaurice (IND)","28.7%","13077","","","","","","null","null","null","null","null","null","null","null","null"
"1632584533-1333","https://irelandelection.com/electiondetail.php?elecid=238&constitid=44&electype=1","2","","Denis Naughten (IND)","18.5%","8422","9057
(635)","9419
(362)","10866
(1447)","14683
(3817)","","null","null","null","null","null","null","null","null","null"
"1632584533-1339","https://irelandelection.com/electiondetail.php?elecid=238&constitid=44&electype=1","","","James Hope (Aon)","1.1%","504","542
(38)","","","","","null","null","null","null","null","null","null","null","null"
"1632584533-1334","https://irelandelection.com/electiondetail.php?elecid=238&constitid=44&electype=1","3","","Claire Kerrane (SF)","17.5%","8003","8322
(319)","8690
(368)","9402
(712)","10082
(680)","10545
(463)","null","null","null","null","null","null","null","null","null"
"1632584533-1341","https://irelandelection.com/electiondetail.php?elecid=238&constitid=44&electype=1","","","Paul Hanley (NAT)","0.7%","319","331
(12)","","","","","null","null","null","null","null","null","null","null","null"
"1632584533-1335","https://irelandelection.com/electiondetail.php?elecid=238&constitid=44&electype=1","","","Eugene Murphy (FF)","10.8%","4945","5201
(256)","5381
(180)","7242
(1861)","8058
(816)","9204
(1146)","null","null","null","null","null","null","null","null","null"
"1632584533-1340","https://irelandelection.com/electiondetail.php?elecid=238&constitid=44&electype=1","","","Kenny Tynan (SOL-PBP)","0.9%","422","442
(20)","","","","","null","null","null","null","null","null","null","null","null"
"1632584533-1336","https://irelandelection.com/electiondetail.php?elecid=238&constitid=44&electype=1","","","Aisling Dolan (FG)","12.0%","5466","5635
(169)","5710
(75)","6162
(452)","","","null","null","null","null","null","null","null","null","null"
"1632584533-1337","https://irelandelection.com/electiondetail.php?elecid=238&constitid=44&electype=1","","","Orla Leyden (FF)","6.5%","2953","3124
(171)","3197
(73)","","","","null","null","null","null","null","null","null","null","null"
"1632584533-1342","https://irelandelection.com/electiondetail.php?elecid=238&constitid=44&electype=1","","","Thomas Declan Fallon (IND)","0.2%","88","109
(21)","","","","","null","null","null","null","null","null","null","null","null"
"1632584533-1338","https://irelandelection.com/electiondetail.php?elecid=238&constitid=44&electype=1","","","Julie O'Donoghue (GP)","3.1%","1413","1445
(32)","1610
(165)","","","","null","null","null","null","null","null","null","null","null"
