﻿web-scraper-order,web-scraper-start-url,Seat,Party,Candidate,Share,Count 1,Count 2,Count 3,Count 4,Count 5,Count 6,Count 7,Count 8,Count 9,Count 10,Count 11,Count 12,Count 13,Count 14,Count 15
"1632579546-712","https://irelandelection.com/electiondetail.php?elecid=238&constitid=54&electype=1","","","Sean Wynne (IND)","2.2%","1310","1457
(147)","1472
(15)","1517
(45)","1598
(81)","1820
(222)","1836
(16)","1864
(28)","1985
(121)","","","","","",""
"1632579546-709","https://irelandelection.com/electiondetail.php?elecid=238&constitid=54&electype=1","","","Gino O'Boyle (SOL-PBP)","2.9%","1746","2383
(637)","2388
(5)","2412
(24)","2456
(44)","2487
(31)","2626
(139)","2668
(42)","2876
(208)","2976
(100)","3478
(502)","3515
(37)","","",""
"1632579546-702","https://irelandelection.com/electiondetail.php?elecid=238&constitid=54&electype=1","1","","Martin Kenny (SF)","24.8%","15035","","","","","","","","","","","","","",""
"1632579546-715","https://irelandelection.com/electiondetail.php?elecid=238&constitid=54&electype=1","","","Nessa Cosgrove (LAB)","1.9%","1178","1262
(84)","1264
(2)","1272
(8)","1282
(10)","1305
(23)","","","","","","","","",""
"1632579546-714","https://irelandelection.com/electiondetail.php?elecid=238&constitid=54&electype=1","","","John Perry (IND)","2.3%","1367","1406
(39)","1406
(0)","1413
(7)","1428
(15)","1453
(25)","1464
(11)","","","","","","","",""
"1632579546-707","https://irelandelection.com/electiondetail.php?elecid=238&constitid=54&electype=1","","","Thomas Walsh (FG)","7.8%","4760","4809
(49)","4811
(2)","4818
(7)","4826
(8)","4856
(30)","4916
(60)","5218
(302)","5342
(124)","5412
(70)","5587
(175)","5649
(62)","5733
(84)","5975
(242)","5975
(242)"
"1632579546-708","https://irelandelection.com/electiondetail.php?elecid=238&constitid=54&electype=1","","","Declan Bree (I4C)","3.7%","2236","2614
(378)","2619
(5)","2640
(21)","2677
(37)","2701
(24)","2886
(185)","2951
(65)","3104
(153)","3216
(112)","3586
(370)","3661
(75)","5292
(1631)","",""
"1632579546-710","https://irelandelection.com/electiondetail.php?elecid=238&constitid=54&electype=1","","","Shane Ellis (FF)","4.5%","2753","2926
(173)","2929
(3)","2941
(12)","2968
(27)","2985
(17)","3006
(21)","3011
(5)","3065
(54)","3328
(263)","3398
(70)","","","",""
"1632579546-716","https://irelandelection.com/electiondetail.php?elecid=238&constitid=54&electype=1","","","Bernie O'Hara (IND)","1.1%","650","699
(49)","712
(13)","799
(87)","859
(60)","","","","","","","","","",""
"1632579546-713","https://irelandelection.com/electiondetail.php?elecid=238&constitid=54&electype=1","","","James Conway (IND)","2.2%","1354","1526
(172)","1535
(9)","1548
(13)","1607
(59)","1635
(28)","1655
(20)","1767
(112)","","","","","","",""
"1632579546-711","https://irelandelection.com/electiondetail.php?elecid=238&constitid=54&electype=1","","","Bláithín Gallagher (GP)","3.0%","1791","1957
(166)","1967
(10)","1995
(28)","2019
(24)","2052
(33)","2403
(351)","2423
(20)","2475
(52)","2575
(100)","","","","",""
"1632579546-717","https://irelandelection.com/electiondetail.php?elecid=238&constitid=54&electype=1","","","Paul Mcweeney (NAT)","0.7%","451","499
(48)","512
(13)","553
(41)","","","","","","","","","","",""
"1632579546-705","https://irelandelection.com/electiondetail.php?elecid=238&constitid=54&electype=1","4","","Frank Feighan (FG)","8.8%","5338","5457
(119)","5464
(7)","5471
(7)","5505
(34)","5536
(31)","5637
(101)","5764
(127)","5823
(59)","6065
(242)","6324
(259)","6851
(527)","6952
(101)","7231
(279)","7231
(279)"
"1632579546-703","https://irelandelection.com/electiondetail.php?elecid=238&constitid=54&electype=1","2","","Marian Harkin (IND)","11.5%","6972","7462
(490)","7481
(19)","7524
(43)","7570
(46)","7691
(121)","7941
(250)","8135
(194)","8502
(367)","8962
(460)","9679
(717)","10123
(444)","10834
(711)","12995
(2161)","12995
(2161)"
"1632579546-704","https://irelandelection.com/electiondetail.php?elecid=238&constitid=54&electype=1","3","","Marc MacSharry (FF)","11.5%","7004","7182
(178)","7191
(9)","7238
(47)","7265
(27)","7403
(138)","7483
(80)","7602
(119)","7733
(131)","7917
(184)","8055
(138)","9146
(1091)","9300
(154)","9891
(591)","9891
(591)"
"1632579546-706","https://irelandelection.com/electiondetail.php?elecid=238&constitid=54&electype=1","","","Eamon Scanlon (FF)","10.3%","6246","6355
(109)","6357
(2)","6370
(13)","6387
(17)","6434
(47)","6461
(27)","6859
(398)","7186
(327)","7285
(99)","7371
(86)","8093
(722)","8193
(100)","8409
(216)","8409
(216)"
"1632579546-719","https://irelandelection.com/electiondetail.php?elecid=238&constitid=54&electype=1","","","Oisín O'Dwyer (REN)","0.1%","75","86
(11)","","","","","","","","","","","","",""
"1632579546-720","https://irelandelection.com/electiondetail.php?elecid=238&constitid=54&electype=1","","","Mary O'Donnell (IND)","0.1%","46","55
(9)","","","","","","","","","","","","",""
"1632579546-718","https://irelandelection.com/electiondetail.php?elecid=238&constitid=54&electype=1","","","Anne McCloskey (Aon)","0.6%","368","408
(40)","424
(16)","","","","","","","","","","","",""
