﻿web-scraper-order,web-scraper-start-url,Seat,Party,Candidate,Share,Count 1,Count 2,Count 3,Count 4,Count 5,Count 6,Count 7,Count 8,Count 9,Count 10,Count 11,Count 12,Count 13,Count 14,Count 15
"1632579601-732","https://irelandelection.com/electiondetail.php?elecid=238&constitid=55&electype=1","","","Sandra Farrell (FF)","2.7%","2233","2275
(42)","","","","","","","","null","null","null","null","null","null"
"1632579601-734","https://irelandelection.com/electiondetail.php?elecid=238&constitid=55&electype=1","","","Marese Skehan (IND)","0.2%","182","186
(4)","","","","","","","","null","null","null","null","null","null"
"1632579601-724","https://irelandelection.com/electiondetail.php?elecid=238&constitid=55&electype=1","4","","Alan Kelly (LAB)","9.6%","7857","7979
(122)","8445
(466)","9282
(837)","9618
(336)","11390
(1772)","12135
(745)","12773
(638)","13222
(449)","null","null","null","null","null","null"
"1632579601-731","https://irelandelection.com/electiondetail.php?elecid=238&constitid=55&electype=1","","","Rob O'Donnell (GP)","3.9%","3170","3201
(31)","3315
(114)","","","","","","","null","null","null","null","null","null"
"1632579601-733","https://irelandelection.com/electiondetail.php?elecid=238&constitid=55&electype=1","","","Dolores Cahill (IFP)","0.6%","521","527
(6)","","","","","","","","null","null","null","null","null","null"
"1632579601-725","https://irelandelection.com/electiondetail.php?elecid=238&constitid=55&electype=1","5","","Jackie Cahill (FF)","9.7%","7940","8171
(231)","8948
(777)","9114
(166)","10809
(1695)","11684
(875)","12118
(434)","12535
(417)","12939
(404)","null","null","null","null","null","null"
"1632579601-722","https://irelandelection.com/electiondetail.php?elecid=238&constitid=55&electype=1","2","","Mattie McGrath (IND)","11.4%","9321","9533
(212)","9815
(282)","10152
(337)","11147
(995)","11727
(580)","12478
(751)","15127
(2649)","","null","null","null","null","null","null"
"1632579601-727","https://irelandelection.com/electiondetail.php?elecid=238&constitid=55&electype=1","","","Séamus Healy (IND)","7.1%","5829","5866
(37)","5950
(84)","6306
(356)","6656
(350)","6936
(280)","7058
(122)","","","null","null","null","null","null","null"
"1632579601-729","https://irelandelection.com/electiondetail.php?elecid=238&constitid=55&electype=1","","","Joe Hannigan (IND)","5.8%","4715","4826
(111)","5133
(307)","5313
(180)","5461
(148)","","","","","null","null","null","null","null","null"
"1632579601-721","https://irelandelection.com/electiondetail.php?elecid=238&constitid=55&electype=1","1","","Michael Lowry (IND)","18.1%","14802","","","","","","","","","null","null","null","null","null","null"
"1632579601-730","https://irelandelection.com/electiondetail.php?elecid=238&constitid=55&electype=1","","","Imelda Goldsboro (FF)","5.0%","4082","4139
(57)","4631
(492)","4749
(118)","","","","","","null","null","null","null","null","null"
"1632579601-728","https://irelandelection.com/electiondetail.php?elecid=238&constitid=55&electype=1","","","Mary Newman Julian (FG)","6.0%","4926","5054
(128)","5149
(95)","5518
(369)","5730
(212)","6206
(476)","","","","null","null","null","null","null","null"
"1632579601-723","https://irelandelection.com/electiondetail.php?elecid=238&constitid=55&electype=1","3","","Martin Browne (SF)","12.2%","10004","10126
(122)","10304
(178)","10834
(530)","11207
(373)","11805
(598)","11964
(159)","14046
(2082)","","null","null","null","null","null","null"
"1632579601-726","https://irelandelection.com/electiondetail.php?elecid=238&constitid=55&electype=1","","","Garret Ahearn (FG)","7.6%","6206","6273
(67)","6327
(54)","6553
(226)","6837
(284)","7034
(197)","10626
(3592)","11086
(460)","11499
(413)","null","null","null","null","null","null"
