﻿web-scraper-order,web-scraper-start-url,Seat,Party,Candidate,Share,Count 1,Count 2,Count 3,Count 4,Count 5,Count 6,Count 7,Count 8,Count 9,Count 10,Count 11,Count 12,Count 13,Count 14,Count 15
"1632579626-742","https://irelandelection.com/electiondetail.php?elecid=238&constitid=49&electype=1","","","John Pratt (LAB)","6.5%","3498","4306
(808)","4453
(147)","4602
(149)","","","","null","null","null","null","null","null","null","null"
"1632579626-741","https://irelandelection.com/electiondetail.php?elecid=238&constitid=49&electype=1","","","Úna Dunphy (SOL-PBP)","2.1%","1153","4361
(3208)","4829
(468)","4944
(115)","5444
(500)","","","null","null","null","null","null","null","null","null"
"1632579626-735","https://irelandelection.com/electiondetail.php?elecid=238&constitid=49&electype=1","1","","David Cullinane (SF)","38.3%","20569","","","","","","","null","null","null","null","null","null","null","null"
"1632579626-745","https://irelandelection.com/electiondetail.php?elecid=238&constitid=49&electype=1","","","Bernadette Phillips (IND)","0.6%","324","845
(521)","","","","","","null","null","null","null","null","null","null","null"
"1632579626-738","https://irelandelection.com/electiondetail.php?elecid=238&constitid=49&electype=1","4","","Marc Ó Cathasaigh (GP)","7.4%","3996","5380
(1384)","5631
(251)","5976
(345)","6873
(897)","9118
(2245)","9738
(620)","null","null","null","null","null","null","null","null"
"1632579626-736","https://irelandelection.com/electiondetail.php?elecid=238&constitid=49&electype=1","2","","Mary Butler (FF)","12.4%","6644","7306
(662)","7720
(414)","8939
(1219)","9867
(928)","10028
(161)","11233
(1205)","null","null","null","null","null","null","null","null"
"1632579626-740","https://irelandelection.com/electiondetail.php?elecid=238&constitid=49&electype=1","","","Damien Geoghegan (FG)","8.0%","4289","4538
(249)","4572
(34)","4675
(103)","5473
(798)","5549
(76)","","null","null","null","null","null","null","null","null"
"1632579626-743","https://irelandelection.com/electiondetail.php?elecid=238&constitid=49&electype=1","","","Eddie Mulligan (FF)","4.9%","2654","3093
(439)","3180
(87)","","","","","null","null","null","null","null","null","null","null"
"1632579626-737","https://irelandelection.com/electiondetail.php?elecid=238&constitid=49&electype=1","3","","Matt Shanahan (IND)","9.3%","4990","6715
(1725)","7246
(531)","7885
(639)","8576
(691)","10127
(1551)","10708
(581)","null","null","null","null","null","null","null","null"
"1632579626-739","https://irelandelection.com/electiondetail.php?elecid=238&constitid=49&electype=1","","","John Cummins (FG)","8.5%","4592","5036
(444)","5119
(83)","5484
(365)","5784
(300)","5880
(96)","8477
(2597)","null","null","null","null","null","null","null","null"
"1632579626-744","https://irelandelection.com/electiondetail.php?elecid=238&constitid=49&electype=1","","","Ronan Cleary (Aon)","2.0%","1049","1426
(377)","","","","","","null","null","null","null","null","null","null","null"
