﻿web-scraper-order,web-scraper-start-url,Seat,Party,Candidate,Share,Count 1,Count 2,Count 3,Count 4,Count 5,Count 6,Count 7,Count 8,Count 9,Count 10,Count 11,Count 12,Count 13,Count 14,Count 15
"1632579658-753","https://irelandelection.com/electiondetail.php?elecid=238&constitid=50&electype=1","","","Ger Carty (IND)","4.0%","3024","3603
(579)","3746
(143)","3923
(177)","4437
(514)","4636
(199)","5738
(1102)","6004
(266)","","","","null","null","null","null"
"1632579658-749","https://irelandelection.com/electiondetail.php?elecid=238&constitid=50&electype=1","4","","James Browne (FF)","10.7%","8058","8462
(404)","8858
(396)","8913
(55)","9075
(162)","9151
(76)","9246
(95)","10432
(1186)","11085
(653)","11188
(103)","11660
(472)","null","null","null","null"
"1632579658-759","https://irelandelection.com/electiondetail.php?elecid=238&constitid=50&electype=1","","","Lisa McDonald (FF)","1.8%","1351","1411
(60)","","","","","","","","","","null","null","null","null"
"1632579658-757","https://irelandelection.com/electiondetail.php?elecid=238&constitid=50&electype=1","","","Jim Codd (Aon)","2.0%","1518","1865
(347)","1905
(40)","2015
(110)","","","","","","","","null","null","null","null"
"1632579658-752","https://irelandelection.com/electiondetail.php?elecid=238&constitid=50&electype=1","","","Michael D'Arcy (FG)","8.6%","6472","6577
(105)","6610
(33)","6656
(46)","6692
(36)","6857
(165)","6922
(65)","7020
(98)","7357
(337)","","","null","null","null","null"
"1632579658-751","https://irelandelection.com/electiondetail.php?elecid=238&constitid=50&electype=1","","","Malcolm Byrne (FF)","8.2%","6145","6338
(193)","6541
(203)","6564
(23)","6640
(76)","6750
(110)","6843
(93)","7535
(692)","7909
(374)","7994
(85)","9537
(1543)","null","null","null","null"
"1632579658-746","https://irelandelection.com/electiondetail.php?elecid=238&constitid=50&electype=1","1","","Johnny Mythen (SF)","24.9%","18717","","","","","","","","","","","null","null","null","null"
"1632579658-760","https://irelandelection.com/electiondetail.php?elecid=238&constitid=50&electype=1","","","Bart James Murphy (IND)","0.1%","68","103
(35)","","","","","","","","","","null","null","null","null"
"1632579658-754","https://irelandelection.com/electiondetail.php?elecid=238&constitid=50&electype=1","","","Michael Sheehan (FF)","5.8%","4366","4508
(142)","4674
(166)","4714
(40)","4817
(103)","4881
(64)","4932
(51)","","","","","null","null","null","null"
"1632579658-747","https://irelandelection.com/electiondetail.php?elecid=238&constitid=50&electype=1","2","","Brendan Howlin (LAB)","12.3%","9223","9911
(688)","10120
(209)","10271
(151)","10451
(180)","11320
(869)","12307
(987)","12930
(623)","","","","null","null","null","null"
"1632579658-750","https://irelandelection.com/electiondetail.php?elecid=238&constitid=50&electype=1","5","","Paul Kehoe (FG)","8.4%","6337","6455
(118)","6483
(28)","6522
(39)","6574
(52)","6677
(103)","6712
(35)","7060
(348)","7416
(356)","7488
(72)","11537
(4049)","null","null","null","null"
"1632579658-755","https://irelandelection.com/electiondetail.php?elecid=238&constitid=50&electype=1","","","Deirdre Wadding (SOL-PBP)","1.5%","1116","2902
(1786)","2932
(30)","3376
(444)","3599
(223)","4359
(760)","","","","","","null","null","null","null"
"1632579658-748","https://irelandelection.com/electiondetail.php?elecid=238&constitid=50&electype=1","3","","Verona Murphy (IND)","7.8%","5825","6498
(673)","6664
(166)","6841
(177)","7118
(277)","7250
(132)","7820
(570)","9014
(1194)","10995
(1981)","11114
(119)","11849
(735)","null","null","null","null"
"1632579658-758","https://irelandelection.com/electiondetail.php?elecid=238&constitid=50&electype=1","","","Seanie O'Shea (I4C)","1.1%","825","1553
(728)","1590
(37)","","","","","","","","","null","null","null","null"
"1632579658-756","https://irelandelection.com/electiondetail.php?elecid=238&constitid=50&electype=1","","","Paula Roseingrave (GP)","2.7%","2028","2374
(346)","2399
(25)","2584
(185)","2683
(99)","","","","","","","null","null","null","null"
