﻿web-scraper-order,web-scraper-start-url,Seat,Party,Candidate,Share,Count 1,Count 2,Count 3,Count 4,Count 5,Count 6,Count 7,Count 8,Count 9,Count 10,Count 11,Count 12,Count 13,Count 14,Count 15
1632579708-768,https://irelandelection.com/electiondetail.php?elecid=238&constitid=51&electype=1,,,Billy Timmins (FG),6.60%,4679,"4796
(117)","4798
(2)","4803
(5)","4812
(9)","4935
(123)","5051
(116)","5138
(87)","5160
(22)","5283
(123)","5429
(146)","5813
(384)",,,
1632579708-777,https://irelandelection.com/electiondetail.php?elecid=238&constitid=51&electype=1,,,Charlie Keddy (IND),0.30%,219,"289
(70)","296
(7)","310
(14)",,,,,,,,,,,
1632579708-773,https://irelandelection.com/electiondetail.php?elecid=238&constitid=51&electype=1,,,Paul O'Brien (LAB),2.40%,1727,"1912
(185)","1915
(3)","1927
(12)","1936
(9)","1956
(20)","1975
(19)",,,,,,,,
1632579708-770,https://irelandelection.com/electiondetail.php?elecid=238&constitid=51&electype=1,,,John Snell (IND),4.30%,3050,"3597
(547)","3601
(4)","3642
(41)","3663
(21)","3782
(119)","3890
(108)","4187
(297)","4352
(165)","4654
(302)",,,,,
1632579708-775,https://irelandelection.com/electiondetail.php?elecid=238&constitid=51&electype=1,,,Tom Dunne (IND),0.70%,478,"602
(124)","605
(3)","612
(7)","629
(17)",,,,,,,,,,
1632579708-763,https://irelandelection.com/electiondetail.php?elecid=238&constitid=51&electype=1,3,,Simon Harris (FG),12.30%,8765,"8885
(120)","8890
(5)","8913
(23)","8929
(16)","8948
(19)","8968
(20)","9129
(161)","9171
(42)","9369
(198)","9545
(176)","9774
(229)","11261
(1487)","11752
(491)","11752
(491)"
1632579708-764,https://irelandelection.com/electiondetail.php?elecid=238&constitid=51&electype=1,4,,Stephen Donnelly (FF),7.70%,5467,"5630
(163)","5637
(7)","5650
(13)","5666
(16)","5707
(41)","5781
(74)","5879
(98)","5915
(36)","6113
(198)","6301
(188)","9363
(3062)","10024
(661)","10882
(858)","10882
(858)"
1632579708-774,https://irelandelection.com/electiondetail.php?elecid=238&constitid=51&electype=1,,,Seamus Connor (Aon),1.50%,1051,"1208
(157)","1211
(3)","1217
(6)","1239
(22)","1351
(112)",,,,,,,,,
1632579708-766,https://irelandelection.com/electiondetail.php?elecid=238&constitid=51&electype=1,,,Andrew Doyle (FG),6.90%,4940,"5044
(104)","5053
(9)","5060
(7)","5075
(15)","5147
(72)","5185
(38)","5334
(149)","5358
(24)","5573
(215)","5943
(370)","6503
(560)","8347
(1844)","8788
(441)","8788
(441)"
1632579708-762,https://irelandelection.com/electiondetail.php?elecid=238&constitid=51&electype=1,2,,Jennifer Whitmore (SD),9.90%,7039,"7951
(912)","7966
(15)","7996
(30)","8035
(39)","8095
(60)","8208
(113)","8635
(427)","9422
(787)","9987
(565)","11148
(1161)","11405
(257)","11875
(470)","13405
(1530)","13405
(1530)"
1632579708-779,https://irelandelection.com/electiondetail.php?elecid=238&constitid=51&electype=1,,,Anthony Fitzgerald (IND),0.10%,79,"93
(14)",,,,,,,,,,,,,
1632579708-765,https://irelandelection.com/electiondetail.php?elecid=238&constitid=51&electype=1,5,,Steven Matthews (GP),7.90%,5634,"6064
(430)","6079
(15)","6095
(16)","6114
(19)","6159
(45)","6299
(140)","6629
(330)","7072
(443)","7410
(338)","7713
(303)","7838
(125)","8114
(276)","9108
(994)","9108
(994)"
1632579708-761,https://irelandelection.com/electiondetail.php?elecid=238&constitid=51&electype=1,1,,John Brady (SF),24.30%,17297,,,,,,,,,,,,,,
1632579708-776,https://irelandelection.com/electiondetail.php?elecid=238&constitid=51&electype=1,,,Ellen Gunning (NAT),0.60%,399,"439
(40)","440
(1)","440
(0)","457
(17)",,,,,,,,,,
1632579708-772,https://irelandelection.com/electiondetail.php?elecid=238&constitid=51&electype=1,,,Sharon Briggs (SOL-PBP),1.50%,1037,"2244
(1207)","2255
(11)","2262
(7)","2278
(16)","2335
(57)","2403
(68)","2448
(45)",,,,,,,
1632579708-769,https://irelandelection.com/electiondetail.php?elecid=238&constitid=51&electype=1,,,Pat Casey (FF),6.30%,4473,"4669
(196)","4674
(5)","4680
(6)","4689
(9)","4776
(87)","4848
(72)","4910
(62)","4936
(26)","5089
(153)","5323
(234)",,,,
1632579708-767,https://irelandelection.com/electiondetail.php?elecid=238&constitid=51&electype=1,,,Joe Behan (IND),4.20%,2988,"3665
(677)","3673
(8)","3683
(10)","3715
(32)","3805
(90)","4125
(320)","4222
(97)","4560
(338)","4900
(340)","5690
(790)","5941
(251)","6187
(246)",,
1632579708-780,https://irelandelection.com/electiondetail.php?elecid=238&constitid=51&electype=1,,,William King (IND),0.00%,20,"26
(6)",,,,,,,,,,,,,
1632579708-771,https://irelandelection.com/electiondetail.php?elecid=238&constitid=51&electype=1,,,Valerie Cox (IND),2.50%,1805,"2107
(302)","2115
(8)","2128
(13)","2144
(16)","2235
(91)","2370
(135)","2480
(110)","2724
(244)",,,,,,
1632579708-778,https://irelandelection.com/electiondetail.php?elecid=238&constitid=51&electype=1,,,John Larkin (IND),0.20%,173,"212
(39)","219
(7)",,,,,,,,,,,,
